player,rank,points,year,week,corr_date,absent
Federer R.,65,-1,2000,1,01/03/2000,
Federer R.,61,-1,2000,2,01/10/2000,
Federer R.,62,-1,2000,3,01/17/2000,
Federer R.,62,,2000,4,,
Federer R.,62,,2000,5,,
Federer R.,67,-1,2000,6,02/07/2000,
Federer R.,67,,2000,7,,
Federer R.,66,-1,2000,8,02/21/2000,
Federer R.,58,-1,2000,9,02/28/2000,
Federer R.,58,,2000,10,,
Federer R.,58,,2000,11,,
Federer R.,53,-1,2000,12,03/23/2000,
Federer R.,53,,2000,13,,
Federer R.,53,,2000,14,,
Federer R.,53,,2000,15,,
Federer R.,49,-1,2000,16,04/17/2000,
Federer R.,51,-1,2000,17,04/24/2000,
Federer R.,51,,2000,18,,
Federer R.,51,-1,2000,19,05/08/2000,
Federer R.,50,-1,2000,20,05/15/2000,
Federer R.,54,-1,2000,21,05/22/2000,
Federer R.,54,-1,2000,22,05/29/2000,
Federer R.,54,,2000,23,,
Federer R.,38,-1,2000,24,06/12/2000,
Federer R.,35,-1,2000,25,06/19/2000,
Federer R.,35,-1,2000,26,06/26/2000,
Federer R.,35,,2000,27,,
Federer R.,39,-1,2000,28,07/10/2000,
Federer R.,39,,2000,29,,
Federer R.,39,,2000,30,,
Federer R.,38,-1,2000,31,07/31/2000,
Federer R.,39,-1,2000,32,08/07/2000,
Federer R.,40,-1,2000,33,08/14/2000,
Federer R.,40,,2000,34,,
Federer R.,40,-1,2000,35,08/28/2000,
Federer R.,40,,2000,36,,
Federer R.,40,,2000,37,,
Federer R.,40,,2000,38,,
Federer R.,40,,2000,39,,
Federer R.,40,,2000,40,,
Federer R.,31,-1,2000,41,10/09/2000,
Federer R.,31,,2000,42,,
Federer R.,34,-1,2000,43,10/23/2000,
Federer R.,25,-1,2000,44,10/30/2000,
Federer R.,24,-1,2000,45,11/06/2000,
Federer R.,24,-1,2000,46,11/13/2000,
Federer R.,29,-1,2000,47,11/20/2000,
Federer R.,29,,2000,48,,
Federer R.,29,,2000,49,,
Federer R.,29,,2000,50,,
Federer R.,29,,2000,51,,
Federer R.,29,,2000,52,,
Federer R.,29,,2001,1,,
Federer R.,30,-1,2001,2,01/08/2001,
Federer R.,29,-1,2001,3,01/15/2001,
Federer R.,29,,2001,4,,
Federer R.,27,-1,2001,5,01/29/2001,
Federer R.,27,,2001,6,,
Federer R.,23,-1,2001,7,02/12/2001,
Federer R.,23,-1,2001,8,02/19/2001,
Federer R.,23,,2001,9,,
Federer R.,23,,2001,10,,
Federer R.,21,-1,2001,11,03/12/2001,
Federer R.,24,-1,2001,12,03/19/2001,
Federer R.,24,,2001,13,,
Federer R.,24,,2001,14,,
Federer R.,24,,2001,15,,
Federer R.,22,-1,2001,16,04/16/2001,
Federer R.,22,,2001,17,,
Federer R.,22,,2001,18,,
Federer R.,18,-1,2001,19,05/07/2001,
Federer R.,18,-1,2001,20,05/14/2001,
Federer R.,18,,2001,21,,
Federer R.,18,-1,2001,22,05/28/2001,
Federer R.,18,,2001,23,,
Federer R.,14,-1,2001,24,06/11/2001,
Federer R.,15,-1,2001,25,06/18/2001,
Federer R.,15,-1,2001,26,06/25/2001,
Federer R.,15,,2001,27,,
Federer R.,14,-1,2001,28,07/09/2001,
Federer R.,14,,2001,29,,
Federer R.,14,,2001,30,,
Federer R.,14,,2001,31,,
Federer R.,14,,2001,32,,
Federer R.,14,,2001,33,,
Federer R.,14,,2001,34,,
Federer R.,13,-1,2001,35,08/27/2001,
Federer R.,13,,2001,36,,
Federer R.,13,,2001,37,,
Federer R.,13,,2001,38,,
Federer R.,13,,2001,39,,
Federer R.,12,-1,2001,40,10/01/2001,
Federer R.,12,-1,2001,41,10/08/2001,
Federer R.,12,-1,2001,42,10/15/2001,
Federer R.,13,-1,2001,43,10/22/2001,
Federer R.,13,-1,2001,44,10/29/2001,
Federer R.,13,,2001,45,,
Federer R.,13,,2001,46,,
Federer R.,13,,2001,47,,
Federer R.,13,,2001,48,,
Federer R.,13,,2001,49,,
Federer R.,13,,2001,50,,
Federer R.,13,,2001,51,,
Federer R.,13,,2001,52,,
Federer R.,6,-1,2002,1,12/31/2002,
Federer R.,13,-1,2002,2,01/07/2002,
Federer R.,12,-1,2002,3,01/14/2002,
Federer R.,12,,2002,4,,
Federer R.,13,-1,2002,5,01/28/2002,
Federer R.,13,,2002,6,,
Federer R.,13,,2002,7,,
Federer R.,13,-1,2002,8,02/18/2002,
Federer R.,14,-1,2002,9,02/25/2002,
Federer R.,14,,2002,10,,
Federer R.,14,-1,2002,11,03/11/2002,
Federer R.,14,-1,2002,12,03/18/2002,
Federer R.,14,,2002,13,,
Federer R.,14,,2002,14,,
Federer R.,14,,2002,15,,
Federer R.,11,-1,2002,16,04/15/2002,
Federer R.,11,,2002,17,,
Federer R.,11,,2002,18,,
Federer R.,11,-1,2002,19,05/06/2002,
Federer R.,14,-1,2002,20,05/13/2002,
Federer R.,14,,2002,21,,
Federer R.,8,-1,2002,22,05/27/2002,
Federer R.,8,,2002,23,,
Federer R.,10,-1,2002,24,06/10/2002,
Federer R.,9,-1,2002,25,06/17/2002,
Federer R.,9,-1,2002,26,06/24/2002,
Federer R.,9,,2002,27,,
Federer R.,11,-1,2002,28,07/08/2002,
Federer R.,11,,2002,29,,
Federer R.,11,,2002,30,,
Federer R.,10,-1,2002,31,07/29/2002,
Federer R.,14,-1,2002,32,08/05/2002,
Federer R.,14,,2002,33,,
Federer R.,13,-1,2002,34,08/19/2002,
Federer R.,13,-1,2002,35,08/26/2002,
Federer R.,13,,2002,36,,
Federer R.,13,,2002,37,,
Federer R.,13,,2002,38,,
Federer R.,13,,2002,39,,
Federer R.,13,-1,2002,40,09/30/2002,
Federer R.,13,-1,2002,41,10/07/2002,
Federer R.,7,-1,2002,42,10/14/2002,
Federer R.,8,-1,2002,43,10/21/2002,
Federer R.,8,-1,2002,44,10/28/2002,
Federer R.,8,,2002,45,,
Federer R.,6,-1,2002,46,11/11/2002,
Federer R.,6,,2002,47,,
Federer R.,6,,2002,48,,
Federer R.,6,,2002,49,,
Federer R.,6,,2002,50,,
Federer R.,6,,2002,51,,
Federer R.,6,,2002,52,,
Federer R.,6,-1,2003,1,01/01/2003,
Federer R.,6,-1,2003,2,01/07/2003,
Federer R.,6,-1,2003,3,01/14/2003,
Federer R.,6,-1,2003,4,01/20/2003,
Federer R.,6,,2003,5,,
Federer R.,6,,2003,6,,
Federer R.,6,-1,2003,7,02/13/2003,
Federer R.,5,-1,2003,8,02/19/2003,
Federer R.,5,-1,2003,9,02/26/2003,
Federer R.,5,,2003,10,,
Federer R.,4,-1,2003,11,03/11/2003,
Federer R.,4,-1,2003,12,03/22/2003,
Federer R.,4,-1,2003,13,03/25/2003,
Federer R.,4,,2003,14,,
Federer R.,4,,2003,15,,
Federer R.,4,,2003,16,,
Nadal R.,109,-1,2003,16,04/15/2003,
Federer R.,4,,2003,17,,
Nadal R.,96,-1,2003,17,04/23/2003,
Federer R.,5,-1,2003,18,04/29/2003,
Nadal R.,96,,2003,18,,
Federer R.,5,-1,2003,19,05/06/2003,
Nadal R.,96,,2003,19,,
Federer R.,5,-1,2003,20,05/13/2003,
Nadal R.,87,-1,2003,20,05/12/2003,
Federer R.,5,,2003,21,,
Nadal R.,87,,2003,21,,
Federer R.,5,-1,2003,22,05/26/2003,
Nadal R.,87,,2003,22,,
Federer R.,5,,2003,23,,
Nadal R.,87,,2003,23,,
Federer R.,5,-1,2003,24,06/10/2003,
Nadal R.,87,,2003,24,,
Federer R.,5,,2003,25,,
Nadal R.,87,,2003,25,,
Federer R.,5,-1,2003,26,06/23/2003,
Nadal R.,76,-1,2003,26,06/23/2003,
Federer R.,5,-1,2003,27,06/30/2003,
Nadal R.,76,,2003,27,,
Federer R.,3,-1,2003,28,07/08/2003,
Nadal R.,61,-1,2003,28,07/08/2003,
Federer R.,3,,2003,29,,
Nadal R.,56,-1,2003,29,07/15/2003,
Federer R.,3,,2003,30,,
Nadal R.,58,-1,2003,30,07/22/2003,
Federer R.,3,,2003,31,,
Nadal R.,58,,2003,31,,
Federer R.,3,-1,2003,32,08/05/2003,
Nadal R.,58,,2003,32,,
Federer R.,2,-1,2003,33,08/12/2003,
Nadal R.,58,,2003,33,,
Federer R.,2,,2003,34,,
Nadal R.,58,,2003,34,,
Federer R.,2,-1,2003,35,08/27/2003,
Nadal R.,45,-1,2003,35,08/27/2003,
Federer R.,2,-1,2003,36,09/01/2003,
Nadal R.,45,,2003,36,,
Federer R.,2,,2003,37,,
Nadal R.,45,,2003,37,,
Federer R.,2,,2003,38,,
Nadal R.,45,,2003,38,,
Federer R.,2,,2003,39,,
Nadal R.,45,,2003,39,,
Federer R.,2,,2003,40,,
Nadal R.,45,,2003,40,,
Federer R.,3,-1,2003,41,10/07/2003,
Nadal R.,47,-1,2003,41,10/06/2003,
Federer R.,3,-1,2003,42,10/15/2003,
Nadal R.,49,-1,2003,42,10/13/2003,
Federer R.,3,-1,2003,43,10/21/2003,
Nadal R.,48,-1,2003,43,10/22/2003,
Federer R.,3,-1,2003,44,10/29/2003,
Nadal R.,48,,2003,44,,
Federer R.,3,,2003,45,,
Nadal R.,48,,2003,45,,
Federer R.,3,-1,2003,46,11/12/2003,
Nadal R.,48,,2003,46,,
Federer R.,3,-1,2003,47,11/17/2003,
Nadal R.,48,,2003,47,,
Federer R.,3,,2003,48,,
Nadal R.,48,,2003,48,,
Federer R.,3,,2003,49,,
Nadal R.,48,,2003,49,,
Federer R.,3,,2003,50,,
Nadal R.,48,,2003,50,,
Federer R.,3,,2003,51,,
Nadal R.,48,,2003,51,,
Federer R.,3,,2003,52,,
Nadal R.,48,,2003,52,,
Federer R.,3,,2004,1,,
Nadal R.,48,,2004,1,,
Federer R.,3,,2004,2,,
Nadal R.,49,-1,2004,2,01/06/2004,
Federer R.,3,,2004,3,,
Nadal R.,48,-1,2004,3,01/13/2004,
Federer R.,2,-1,2004,4,01/20/2004,
Nadal R.,41,-1,2004,4,01/20/2004,
Federer R.,2,-1,2004,5,01/26/2004,
Nadal R.,41,,2004,5,,
Federer R.,2,,2004,6,,
Nadal R.,41,,2004,6,,
Federer R.,2,,2004,7,,
Nadal R.,41,-1,2004,7,02/11/2004,
Federer R.,1,-1,2004,8,02/18/2004,
Nadal R.,41,,2004,8,,
Federer R.,1,,2004,9,,
Nadal R.,41,,2004,9,,
Federer R.,1,-1,2004,10,03/02/2004,
Nadal R.,40,-1,2004,10,03/02/2004,
Federer R.,1,-1,2004,11,03/14/2004,
Nadal R.,36,-1,2004,11,03/13/2004,
Federer R.,1,-1,2004,12,03/15/2004,
Nadal R.,36,-1,2004,12,03/15/2004,
Federer R.,1,-1,2004,13,03/27/2004,
Nadal R.,36,,2004,13,,
Federer R.,1,-1,2004,14,03/29/2004,
Nadal R.,34,-1,2004,14,03/29/2004,
Federer R.,1,,2004,15,,
Nadal R.,34,,2004,15,,
Federer R.,1,,2004,16,,
Nadal R.,34,-1,2004,16,04/14/2004,
Federer R.,1,,2004,17,,
Nadal R.,34,,2004,17,,
Federer R.,1,,2004,18,,
Nadal R.,34,,2004,18,,
Federer R.,1,-1,2004,19,05/04/2004,
Nadal R.,34,,2004,19,,
Federer R.,1,-1,2004,20,05/11/2004,
Nadal R.,34,,2004,20,,
Federer R.,1,,2004,21,,
Nadal R.,34,,2004,21,,
Federer R.,1,-1,2004,22,05/25/2004,
Nadal R.,34,,2004,22,,
Federer R.,1,,2004,23,,
Nadal R.,34,,2004,23,,
Federer R.,1,-1,2004,24,06/08/2004,
Nadal R.,34,,2004,24,,
Federer R.,1,,2004,25,,
Nadal R.,34,,2004,25,,
Federer R.,1,-1,2004,26,06/21/2004,
Nadal R.,34,,2004,26,,
Federer R.,1,-1,2004,27,06/28/2004,
Nadal R.,34,,2004,27,,
Federer R.,1,-1,2004,28,07/06/2004,
Nadal R.,60,-1,2004,28,07/06/2004,
Federer R.,1,,2004,29,,
Nadal R.,57,-1,2004,29,07/14/2004,
Djokovic N.,368,-1,2004,30,07/20/2004,
Federer R.,1,,2004,30,,
Nadal R.,57,,2004,30,,
Djokovic N.,368,,2004,31,,
Federer R.,1,-1,2004,31,07/28/2004,
Nadal R.,62,-1,2004,31,07/28/2004,
Djokovic N.,368,,2004,32,,
Federer R.,1,-1,2004,32,08/03/2004,
Nadal R.,71,-1,2004,32,08/02/2004,
Djokovic N.,368,,2004,33,,
Federer R.,1,,2004,33,,
Nadal R.,71,-1,2004,33,08/10/2004,
Djokovic N.,368,,2004,34,,
Federer R.,1,,2004,34,,
Nadal R.,71,,2004,34,,
Djokovic N.,368,,2004,35,,
Federer R.,1,,2004,35,,
Nadal R.,71,,2004,35,,
Djokovic N.,368,,2004,36,,
Federer R.,1,-1,2004,36,08/30/2004,
Nadal R.,49,-1,2004,36,09/01/2004,
Djokovic N.,368,,2004,37,,
Federer R.,1,-1,2004,37,09/09/2004,
Nadal R.,49,,2004,37,,
Djokovic N.,272,-1,2004,38,09/14/2004,
Federer R.,1,,2004,38,,
Nadal R.,49,,2004,38,,
Djokovic N.,272,,2004,39,,
Federer R.,1,,2004,39,,
Nadal R.,49,,2004,39,,
Djokovic N.,248,-1,2004,40,09/28/2004,Y
Federer R.,1,-1,2004,40,09/28/2004,
Nadal R.,49,-1,2004,40,09/28/2004,
Djokovic N.,248,,2004,41,,
Federer R.,1,,2004,41,,
Nadal R.,50,-1,2004,41,10/06/2004,
Djokovic N.,248,,2004,42,,
Federer R.,1,,2004,42,,
Nadal R.,50,,2004,42,,
Djokovic N.,248,,2004,43,,
Federer R.,1,,2004,43,,
Nadal R.,50,-1,2004,43,10/19/2004,
Djokovic N.,248,,2004,44,,
Federer R.,1,,2004,44,,
Nadal R.,48,-1,2004,44,10/27/2004,
Djokovic N.,248,,2004,45,,
Federer R.,1,,2004,45,,
Nadal R.,48,,2004,45,,
Djokovic N.,248,,2004,46,,
Federer R.,1,,2004,46,,
Nadal R.,48,,2004,46,,
Djokovic N.,248,,2004,47,,
Federer R.,1,-1,2004,47,11/15/2004,
Nadal R.,48,,2004,47,,
Djokovic N.,248,,2004,48,,
Federer R.,1,,2004,48,,
Nadal R.,48,,2004,48,,
Djokovic N.,248,,2004,49,,
Federer R.,1,,2004,49,,
Nadal R.,48,,2004,49,,
Djokovic N.,248,,2004,50,,
Federer R.,1,,2004,50,,
Nadal R.,48,,2004,50,,
Djokovic N.,248,,2004,51,,
Federer R.,1,,2004,51,,
Nadal R.,48,,2004,51,,
Djokovic N.,248,,2004,52,,
Federer R.,1,,2004,52,,
Nadal R.,48,,2004,52,,
Djokovic N.,248,,2005,1,,
Federer R.,1,-1,2005,1,01/03/2005,
Nadal R.,51,-1,2005,1,01/04/2005,
Djokovic N.,248,,2005,2,,
Federer R.,1,,2005,2,,
Nadal R.,51,,2005,2,,
Djokovic N.,188,-1,2005,3,01/17/2005,Y
Federer R.,1,-1,2005,3,01/17/2005,
Nadal R.,56,-1,2005,3,01/18/2005,
Djokovic N.,188,,2005,4,,
Federer R.,1,-1,2005,4,01/25/2005,
Nadal R.,56,-1,2005,4,01/24/2005,
Djokovic N.,188,,2005,5,,
Federer R.,1,,2005,5,,
Nadal R.,56,,2005,5,,
Djokovic N.,188,,2005,6,,
Federer R.,1,,2005,6,,
Nadal R.,48,-1,2005,6,02/08/2005,
Djokovic N.,188,,2005,7,,
Federer R.,1,-1,2005,7,02/16/2005,
Nadal R.,48,-1,2005,7,02/16/2005,
Djokovic N.,188,,2005,8,,
Federer R.,1,-1,2005,8,02/23/2005,
Nadal R.,39,-1,2005,8,02/22/2005,
Djokovic N.,188,,2005,9,,
Federer R.,1,,2005,9,,
Nadal R.,39,,2005,9,,
Djokovic N.,188,,2005,10,,
Federer R.,1,-1,2005,10,03/13/2005,
Nadal R.,39,,2005,10,,
Djokovic N.,188,,2005,11,,
Federer R.,1,-1,2005,11,03/15/2005,
Nadal R.,39,,2005,11,,
Djokovic N.,188,,2005,12,,
Federer R.,1,-1,2005,12,03/26/2005,
Nadal R.,31,-1,2005,12,03/25/2005,
Djokovic N.,188,,2005,13,,
Federer R.,1,-1,2005,13,03/29/2005,
Nadal R.,31,-1,2005,13,03/29/2005,
Djokovic N.,160,-1,2005,14,04/05/2005,
Federer R.,1,,2005,14,,
Nadal R.,17,-1,2005,14,04/06/2005,
Djokovic N.,160,,2005,15,,
Federer R.,1,-1,2005,15,04/12/2005,
Nadal R.,17,-1,2005,15,04/11/2005,
Djokovic N.,160,,2005,16,,
Federer R.,1,,2005,16,,
Nadal R.,11,-1,2005,16,04/20/2005,
Djokovic N.,160,,2005,17,,
Federer R.,1,,2005,17,,
Nadal R.,11,,2005,17,,
Djokovic N.,160,,2005,18,,
Federer R.,1,,2005,18,,
Nadal R.,7,-1,2005,18,05/03/2005,
Djokovic N.,160,,2005,19,,
Federer R.,1,-1,2005,19,05/09/2005,
Nadal R.,7,,2005,19,,
Djokovic N.,160,,2005,20,,
Federer R.,1,,2005,20,,
Nadal R.,7,,2005,20,,
Djokovic N.,153,-1,2005,21,05/24/2005,
Federer R.,1,-1,2005,21,05/23/2005,
Nadal R.,5,-1,2005,21,05/23/2005,
Djokovic N.,153,,2005,22,,
Federer R.,1,-1,2005,22,05/31/2005,
Nadal R.,5,-1,2005,22,05/30/2005,
Djokovic N.,153,,2005,23,,
Federer R.,1,-1,2005,23,06/07/2005,
Nadal R.,3,-1,2005,23,06/08/2005,
Djokovic N.,153,,2005,24,,
Federer R.,1,,2005,24,,
Nadal R.,3,,2005,24,,
Djokovic N.,128,-1,2005,25,06/21/2005,
Federer R.,1,-1,2005,25,06/20/2005,
Nadal R.,3,-1,2005,25,06/21/2005,
Djokovic N.,128,,2005,26,,
Federer R.,1,-1,2005,26,06/27/2005,
Nadal R.,3,,2005,26,,
Djokovic N.,128,,2005,27,,
Federer R.,1,,2005,27,,
Nadal R.,3,3635,2005,27,07/05/2005,
Djokovic N.,128,,2005,28,,
Federer R.,1,,2005,28,,
Nadal R.,3,,2005,28,,
Djokovic N.,128,,2005,29,,
Federer R.,1,,2005,29,,
Nadal R.,3,3750,2005,29,07/20/2005,
Djokovic N.,97,417,2005,30,07/26/2005,
Federer R.,1,,2005,30,,
Nadal R.,3,,2005,30,,
Djokovic N.,97,,2005,31,,
Federer R.,1,,2005,31,,
Nadal R.,3,,2005,31,,
Djokovic N.,97,,2005,32,,
Federer R.,1,,2005,32,,
Nadal R.,2,4030,2005,32,08/09/2005,
Djokovic N.,97,440,2005,33,08/15/2005,
Federer R.,1,6500,2005,33,08/16/2005,
Nadal R.,2,4355,2005,33,08/17/2005,
Djokovic N.,97,,2005,34,,
Federer R.,1,,2005,34,,
Nadal R.,2,,2005,34,,
Djokovic N.,97,431,2005,35,08/30/2005,
Federer R.,1,6975,2005,35,08/30/2005,
Nadal R.,2,4320,2005,35,08/29/2005,
Djokovic N.,97,,2005,36,,
Federer R.,1,6975,2005,36,09/05/2005,
Nadal R.,2,,2005,36,,
Djokovic N.,97,,2005,37,,
Federer R.,1,,2005,37,,
Nadal R.,2,4360,2005,37,09/14/2005,
Djokovic N.,97,,2005,38,,
Federer R.,1,,2005,38,,
Nadal R.,2,,2005,38,,
Djokovic N.,97,,2005,39,,
Federer R.,1,6975,2005,39,09/28/2005,
Nadal R.,2,,2005,39,,
Djokovic N.,97,,2005,40,,
Federer R.,1,,2005,40,,
Nadal R.,2,,2005,40,,
Djokovic N.,97,,2005,41,,
Federer R.,1,,2005,41,,
Nadal R.,2,,2005,41,,
Djokovic N.,97,,2005,42,,
Federer R.,1,,2005,42,,
Nadal R.,2,4475,2005,42,10/19/2005,Y
Djokovic N.,88,468,2005,43,10/24/2005,
Federer R.,1,,2005,43,,
Nadal R.,2,,2005,43,,
Djokovic N.,85,488,2005,44,11/01/2005,
Federer R.,1,,2005,44,,
Nadal R.,2,,2005,44,,
Djokovic N.,85,,2005,45,,
Federer R.,1,6225,2005,45,11/13/2005,
Nadal R.,2,,2005,45,,
Djokovic N.,85,,2005,46,,
Federer R.,1,6225,2005,46,11/15/2005,
Nadal R.,2,,2005,46,,
Djokovic N.,85,,2005,47,,
Federer R.,1,,2005,47,,
Nadal R.,2,,2005,47,,
Djokovic N.,85,,2005,48,,
Federer R.,1,,2005,48,,
Nadal R.,2,,2005,48,,
Djokovic N.,85,,2005,49,,
Federer R.,1,,2005,49,,
Nadal R.,2,,2005,49,,
Djokovic N.,85,,2005,50,,
Federer R.,1,,2005,50,,
Nadal R.,2,,2005,50,,
Djokovic N.,85,,2005,51,,
Federer R.,1,,2005,51,,
Nadal R.,2,,2005,51,,
Djokovic N.,85,,2005,52,,
Federer R.,1,,2005,52,,
Nadal R.,2,,2005,52,,
Djokovic N.,85,,2006,1,,
Federer R.,1,6725,2006,1,01/03/2006,
Nadal R.,2,,2006,1,,
Djokovic N.,85,,2006,2,,
Federer R.,1,,2006,2,,
Nadal R.,2,,2006,2,,
Djokovic N.,76,502,2006,3,01/17/2006,
Federer R.,1,6725,2006,3,01/17/2006,
Nadal R.,2,,2006,3,,
Djokovic N.,76,,2006,4,,
Federer R.,1,6725,2006,4,01/23/2006,
Nadal R.,2,,2006,4,,
Djokovic N.,81,487,2006,5,01/30/2006,
Federer R.,1,,2006,5,,
Nadal R.,2,,2006,5,,
Djokovic N.,81,,2006,6,,
Federer R.,1,,2006,6,,
Nadal R.,2,,2006,6,,
Djokovic N.,81,,2006,7,,
Federer R.,1,,2006,7,,
Nadal R.,2,4615,2006,7,02/14/2006,Y
Djokovic N.,72,548,2006,8,02/21/2006,
Federer R.,1,,2006,8,,
Nadal R.,2,,2006,8,,
Djokovic N.,72,,2006,9,,
Federer R.,1,6725,2006,9,02/28/2006,
Nadal R.,2,4455,2006,9,02/28/2006,
Djokovic N.,67,591,2006,10,03/11/2006,
Federer R.,1,,2006,10,,
Nadal R.,2,4665,2006,10,03/12/2006,
Djokovic N.,67,,2006,11,,
Federer R.,1,6935,2006,11,03/13/2006,
Nadal R.,2,4665,2006,11,03/15/2006,
Djokovic N.,66,596,2006,12,03/24/2006,
Federer R.,1,6935,2006,12,03/25/2006,
Nadal R.,2,4890,2006,12,03/24/2006,
Djokovic N.,66,,2006,13,,
Federer R.,1,6935,2006,13,03/28/2006,
Nadal R.,2,,2006,13,,
Djokovic N.,66,,2006,14,,
Federer R.,1,,2006,14,,
Nadal R.,2,,2006,14,,
Djokovic N.,66,,2006,15,,
Federer R.,1,,2006,15,,
Nadal R.,2,,2006,15,,
Djokovic N.,67,606,2006,16,04/17/2006,
Federer R.,1,6810,2006,16,04/17/2006,
Nadal R.,2,4135,2006,16,04/18/2006,
Djokovic N.,66,614,2006,17,04/24/2006,
Federer R.,1,,2006,17,,
Nadal R.,2,4335,2006,17,04/26/2006,
Djokovic N.,66,,2006,18,,
Federer R.,1,,2006,18,,
Nadal R.,2,,2006,18,,
Djokovic N.,66,,2006,19,,
Federer R.,1,7160,2006,19,05/08/2006,
Nadal R.,2,4135,2006,19,05/09/2006,
Djokovic N.,71,577,2006,20,05/15/2006,
Federer R.,1,,2006,20,,
Nadal R.,2,,2006,20,,
Djokovic N.,71,,2006,21,,
Federer R.,1,7010,2006,21,05/28/2006,
Nadal R.,2,,2006,21,,
Djokovic N.,63,627,2006,22,05/30/2006,
Federer R.,1,7010,2006,22,05/31/2006,
Nadal R.,2,4545,2006,22,05/29/2006,
Djokovic N.,63,627,2006,23,06/05/2006,
Federer R.,1,7010,2006,23,06/06/2006,
Nadal R.,2,4545,2006,23,06/05/2006,
Djokovic N.,40,827,2006,24,06/18/2006,
Federer R.,1,7035,2006,24,06/14/2006,
Nadal R.,2,4545,2006,24,06/14/2006,
Djokovic N.,40,827,2006,25,06/21/2006,
Federer R.,1,,2006,25,,
Nadal R.,2,,2006,25,,
Djokovic N.,39,841,2006,26,06/27/2006,
Federer R.,1,7260,2006,26,06/27/2006,
Nadal R.,2,4545,2006,26,06/27/2006,
Djokovic N.,39,841,2006,27,07/03/2006,
Federer R.,1,7260,2006,27,07/03/2006,
Nadal R.,2,4545,2006,27,07/03/2006,
Djokovic N.,39,,2006,28,,
Federer R.,1,,2006,28,,
Nadal R.,2,,2006,28,,
Djokovic N.,36,901,2006,29,07/17/2006,
Federer R.,1,,2006,29,,
Nadal R.,2,,2006,29,,
Djokovic N.,28,1071,2006,30,07/25/2006,
Federer R.,1,,2006,30,,
Nadal R.,2,,2006,30,,
Djokovic N.,28,,2006,31,,
Federer R.,1,,2006,31,,
Nadal R.,2,,2006,31,,
Djokovic N.,28,,2006,32,,
Federer R.,1,7260,2006,32,08/09/2006,
Nadal R.,2,4930,2006,32,08/08/2006,
Djokovic N.,24,1168,2006,33,08/15/2006,
Federer R.,1,7760,2006,33,08/16/2006,
Nadal R.,2,4505,2006,33,08/15/2006,
Djokovic N.,24,,2006,34,,
Federer R.,1,,2006,34,,
Nadal R.,2,,2006,34,,
Djokovic N.,23,1183,2006,35,08/28/2006,
Federer R.,1,7295,2006,35,08/30/2006,
Nadal R.,2,4625,2006,35,08/30/2006,
Djokovic N.,23,,2006,36,,
Federer R.,1,7295,2006,36,09/04/2006,
Nadal R.,2,4625,2006,36,09/04/2006,
Djokovic N.,23,,2006,37,,
Federer R.,1,,2006,37,,
Nadal R.,2,,2006,37,,
Djokovic N.,23,,2006,38,,
Federer R.,1,,2006,38,,
Nadal R.,2,,2006,38,,
Djokovic N.,23,,2006,39,,
Federer R.,1,,2006,39,,
Nadal R.,2,,2006,39,,
Djokovic N.,22,1183,2006,40,10/03/2006,
Federer R.,1,7120,2006,40,10/04/2006,
Nadal R.,2,,2006,40,,
Djokovic N.,16,1350,2006,41,10/11/2006,
Federer R.,1,,2006,41,,
Nadal R.,2,4625,2006,41,10/10/2006,
Djokovic N.,17,1360,2006,42,10/18/2006,
Federer R.,1,7370,2006,42,10/17/2006,
Nadal R.,2,4645,2006,42,10/18/2006,
Djokovic N.,17,,2006,43,,
Federer R.,1,7870,2006,43,10/24/2006,
Nadal R.,2,,2006,43,,
Djokovic N.,16,1465,2006,44,11/01/2006,
Federer R.,1,,2006,44,,
Nadal R.,2,,2006,44,,
Djokovic N.,16,,2006,45,,
Federer R.,1,7620,2006,45,11/12/2006,
Nadal R.,2,,2006,45,,
Djokovic N.,16,,2006,46,,
Federer R.,1,7620,2006,46,11/14/2006,
Nadal R.,2,4270,2006,46,11/13/2006,
Djokovic N.,16,,2006,47,,
Federer R.,1,,2006,47,,
Nadal R.,2,,2006,47,,
Djokovic N.,16,,2006,48,,
Federer R.,1,,2006,48,,
Nadal R.,2,,2006,48,,
Djokovic N.,16,,2006,49,,
Federer R.,1,,2006,49,,
Nadal R.,2,,2006,49,,
Djokovic N.,16,,2006,50,,
Federer R.,1,,2006,50,,
Nadal R.,2,,2006,50,,
Djokovic N.,16,,2006,51,,
Federer R.,1,,2006,51,,
Nadal R.,2,,2006,51,,
Djokovic N.,16,,2006,52,,
Federer R.,1,,2006,52,,
Nadal R.,2,,2006,52,,
Djokovic N.,16,1380,2007,1,01/05/2007,
Federer R.,1,,2007,1,,
Nadal R.,2,4470,2007,1,01/02/2007,
Djokovic N.,16,,2007,2,,
Federer R.,1,,2007,2,,
Nadal R.,2,,2007,2,,
Djokovic N.,15,1530,2007,3,01/15/2007,
Federer R.,1,8120,2007,3,01/15/2007,
Nadal R.,2,4525,2007,3,01/16/2007,
Djokovic N.,15,,2007,4,,
Federer R.,1,8120,2007,4,01/23/2007,
Nadal R.,2,4525,2007,4,01/22/2007,
Djokovic N.,15,,2007,5,,
Federer R.,1,,2007,5,,
Nadal R.,2,,2007,5,,
Djokovic N.,15,,2007,6,,
Federer R.,1,,2007,6,,
Nadal R.,2,,2007,6,,
Djokovic N.,14,1625,2007,7,02/12/2007,
Federer R.,1,,2007,7,,
Nadal R.,2,,2007,7,,
Djokovic N.,14,1625,2007,8,02/19/2007,
Federer R.,1,,2007,8,,
Nadal R.,2,,2007,8,,
Djokovic N.,14,1665,2007,9,02/27/2007,
Federer R.,1,8120,2007,9,02/26/2007,
Nadal R.,2,4705,2007,9,02/27/2007,
Djokovic N.,14,,2007,10,,
Federer R.,1,8210,2007,10,03/11/2007,
Nadal R.,2,4480,2007,10,03/10/2007,
Djokovic N.,13,1715,2007,11,03/12/2007,
Federer R.,1,,2007,11,,
Nadal R.,2,4480,2007,11,03/13/2007,
Djokovic N.,10,2060,2007,12,03/23/2007,
Federer R.,1,7715,2007,12,03/25/2007,
Nadal R.,2,4755,2007,12,03/23/2007,
Djokovic N.,10,2060,2007,13,03/28/2007,
Federer R.,1,7715,2007,13,03/26/2007,
Nadal R.,2,4755,2007,13,03/28/2007,
Djokovic N.,10,,2007,14,,
Federer R.,1,,2007,14,,
Nadal R.,2,,2007,14,,
Djokovic N.,10,,2007,15,,
Federer R.,1,,2007,15,,
Nadal R.,2,,2007,15,,
Djokovic N.,7,2540,2007,16,04/18/2007,
Federer R.,1,7290,2007,16,04/17/2007,
Nadal R.,2,4875,2007,16,04/18/2007,
Djokovic N.,7,,2007,17,,
Federer R.,1,,2007,17,,
Nadal R.,2,4875,2007,17,04/25/2007,
Djokovic N.,5,2595,2007,18,04/30/2007,
Federer R.,1,,2007,18,,
Nadal R.,2,,2007,18,,
Djokovic N.,5,2720,2007,19,05/09/2007,
Federer R.,1,7290,2007,19,05/08/2007,
Nadal R.,2,4875,2007,19,05/09/2007,
Djokovic N.,6,2735,2007,20,05/17/2007,
Federer R.,1,7015,2007,20,05/16/2007,
Nadal R.,2,4875,2007,20,05/16/2007,
Djokovic N.,6,,2007,21,,
Federer R.,1,,2007,21,,
Nadal R.,2,,2007,21,,
Djokovic N.,6,2810,2007,22,05/30/2007,
Federer R.,1,7515,2007,22,05/29/2007,
Nadal R.,2,5225,2007,22,05/29/2007,
Djokovic N.,6,2810,2007,23,06/04/2007,
Federer R.,1,7515,2007,23,06/05/2007,
Nadal R.,2,5225,2007,23,06/04/2007,
Djokovic N.,4,3010,2007,24,06/13/2007,
Federer R.,1,,2007,24,,
Nadal R.,2,5225,2007,24,06/13/2007,
Djokovic N.,4,,2007,25,,
Federer R.,1,,2007,25,,
Nadal R.,2,,2007,25,,
Djokovic N.,5,3010,2007,26,06/26/2007,
Federer R.,1,7290,2007,26,06/25/2007,
Nadal R.,2,5225,2007,26,06/26/2007,
Djokovic N.,5,3010,2007,27,07/04/2007,
Federer R.,1,7290,2007,27,07/06/2007,
Nadal R.,2,5225,2007,27,07/04/2007,
Djokovic N.,5,,2007,28,,
Federer R.,1,,2007,28,,
Nadal R.,2,,2007,28,,
Djokovic N.,5,,2007,29,,
Federer R.,1,,2007,29,,
Nadal R.,2,5225,2007,29,07/17/2007,
Djokovic N.,3,3245,2007,30,07/23/2007,
Federer R.,1,,2007,30,,
Nadal R.,2,,2007,30,,
Djokovic N.,3,,2007,31,,
Federer R.,1,,2007,31,,
Nadal R.,2,,2007,31,,
Djokovic N.,4,3200,2007,32,08/07/2007,
Federer R.,1,7290,2007,32,08/08/2007,
Nadal R.,2,5455,2007,32,08/09/2007,
Djokovic N.,3,3700,2007,33,08/15/2007,
Djokovic N.,4,3200,2007,33,08/13/2007,
Federer R.,1,7290,2007,33,08/13/2007,
Nadal R.,2,5605,2007,33,08/15/2007,
Djokovic N.,3,,2007,34,,
Federer R.,1,,2007,34,,
Nadal R.,2,,2007,34,,
Djokovic N.,3,3670,2007,35,08/28/2007,
Federer R.,1,7605,2007,35,08/27/2007,
Nadal R.,2,5485,2007,35,08/29/2007,
Djokovic N.,3,3670,2007,36,09/04/2007,
Federer R.,1,7605,2007,36,09/03/2007,
Nadal R.,2,5485,2007,36,09/04/2007,
Djokovic N.,3,,2007,37,,
Federer R.,1,,2007,37,,
Nadal R.,2,,2007,37,,
Djokovic N.,3,,2007,38,,
Federer R.,1,,2007,38,,
Nadal R.,2,,2007,38,,
Djokovic N.,3,,2007,39,,
Federer R.,1,,2007,39,,
Nadal R.,2,,2007,39,,
Djokovic N.,3,,2007,40,,
Federer R.,1,,2007,40,,
Nadal R.,2,,2007,40,,
Djokovic N.,3,4145,2007,41,10/09/2007,
Federer R.,1,,2007,41,,
Nadal R.,2,,2007,41,,
Djokovic N.,3,4370,2007,42,10/17/2007,
Federer R.,1,7355,2007,42,10/16/2007,
Nadal R.,2,5385,2007,42,10/17/2007,
Djokovic N.,3,,2007,43,,
Federer R.,1,7205,2007,43,10/23/2007,
Nadal R.,2,,2007,43,,
Djokovic N.,3,4470,2007,44,10/31/2007,
Federer R.,1,7205,2007,44,10/31/2007,
Nadal R.,2,5385,2007,44,10/31/2007,
Djokovic N.,3,4470,2007,45,11/11/2007,
Federer R.,1,,2007,45,,
Nadal R.,2,5535,2007,45,11/11/2007,
Djokovic N.,3,4470,2007,46,11/13/2007,
Federer R.,1,6530,2007,46,11/12/2007,
Nadal R.,2,5535,2007,46,11/13/2007,
Djokovic N.,3,,2007,47,,
Federer R.,1,,2007,47,,
Nadal R.,2,,2007,47,,
Djokovic N.,3,,2007,48,,
Federer R.,1,,2007,48,,
Nadal R.,2,,2007,48,,
Djokovic N.,3,,2007,49,,
Federer R.,1,,2007,49,,
Nadal R.,2,,2007,49,,
Djokovic N.,3,,2007,50,,
Federer R.,1,,2007,50,,
Nadal R.,2,,2007,50,,
Djokovic N.,3,,2007,51,,
Federer R.,1,,2007,51,,
Nadal R.,2,,2007,51,,
Djokovic N.,3,,2007,52,,
Federer R.,1,,2007,52,,
Nadal R.,2,,2007,52,,
Djokovic N.,3,,2008,1,,
Federer R.,1,,2008,1,,
Nadal R.,2,5735,2008,1,01/01/2008,
Djokovic N.,3,,2008,2,,
Federer R.,1,,2008,2,,
Nadal R.,2,,2008,2,,
Djokovic N.,3,4315,2008,3,01/15/2008,
Federer R.,1,7180,2008,3,01/15/2008,
Nadal R.,2,5780,2008,3,01/14/2008,
Djokovic N.,3,4315,2008,4,01/21/2008,
Federer R.,1,7180,2008,4,01/21/2008,
Nadal R.,2,5780,2008,4,01/22/2008,
Djokovic N.,3,,2008,5,,
Federer R.,1,,2008,5,,
Nadal R.,2,,2008,5,,
Djokovic N.,3,,2008,6,,
Federer R.,1,,2008,6,,
Nadal R.,2,,2008,6,,
Djokovic N.,3,5165,2008,7,02/13/2008,
Federer R.,1,,2008,7,,
Nadal R.,2,,2008,7,,
Djokovic N.,3,,2008,8,,
Federer R.,1,,2008,8,,
Nadal R.,2,5980,2008,8,02/20/2008,
Djokovic N.,3,,2008,9,,
Federer R.,1,,2008,9,,
Nadal R.,2,,2008,9,,
Djokovic N.,3,5010,2008,10,03/04/2008,
Federer R.,1,6330,2008,10,03/03/2008,
Nadal R.,2,5930,2008,10,03/04/2008,
Djokovic N.,3,5130,2008,11,03/15/2008,
Federer R.,1,,2008,11,,
Nadal R.,2,5980,2008,11,03/15/2008,
Djokovic N.,3,5130,2008,12,03/18/2008,
Federer R.,1,6330,2008,12,03/17/2008,
Nadal R.,2,5980,2008,12,03/17/2008,
Djokovic N.,3,5280,2008,13,03/28/2008,
Federer R.,1,6550,2008,13,03/30/2008,
Nadal R.,2,5705,2008,13,03/28/2008,
Djokovic N.,3,,2008,14,,
Federer R.,1,6550,2008,14,03/31/2008,
Nadal R.,2,5705,2008,14,04/01/2008,
Djokovic N.,3,,2008,15,,
Federer R.,1,,2008,15,,
Nadal R.,2,,2008,15,,
Djokovic N.,3,,2008,16,,
Federer R.,1,6600,2008,16,04/15/2008,
Nadal R.,2,,2008,16,,
Djokovic N.,3,4725,2008,17,04/22/2008,
Federer R.,1,6425,2008,17,04/23/2008,
Nadal R.,2,5455,2008,17,04/23/2008,
Djokovic N.,3,,2008,18,,
Federer R.,1,,2008,18,,
Nadal R.,2,5655,2008,18,04/30/2008,
Djokovic N.,3,4935,2008,19,05/07/2008,
Federer R.,1,6775,2008,19,05/06/2008,
Nadal R.,2,5655,2008,19,05/07/2008,
Djokovic N.,3,5125,2008,20,05/14/2008,
Federer R.,1,6825,2008,20,05/14/2008,
Nadal R.,2,5435,2008,20,05/14/2008,
Djokovic N.,3,5225,2008,21,05/25/2008,
Federer R.,1,,2008,21,,
Nadal R.,2,,2008,21,,
Djokovic N.,3,5225,2008,22,05/28/2008,
Federer R.,1,6675,2008,22,05/26/2008,
Nadal R.,2,5585,2008,22,05/28/2008,
Djokovic N.,3,5225,2008,23,06/03/2008,
Federer R.,1,6675,2008,23,06/02/2008,
Nadal R.,2,5585,2008,23,06/03/2008,
Djokovic N.,3,5225,2008,24,06/11/2008,
Federer R.,1,6675,2008,24,06/11/2008,
Nadal R.,2,5585,2008,24,06/11/2008,
Djokovic N.,3,,2008,25,,
Federer R.,1,,2008,25,,
Nadal R.,2,,2008,25,,
Djokovic N.,3,5360,2008,26,06/23/2008,
Federer R.,1,6900,2008,26,06/23/2008,
Nadal R.,2,5755,2008,26,06/24/2008,
Djokovic N.,3,,2008,27,,
Federer R.,1,6900,2008,27,06/30/2008,
Nadal R.,2,5755,2008,27,06/30/2008,
Djokovic N.,3,,2008,28,,
Federer R.,1,,2008,28,,
Nadal R.,2,,2008,28,,
Djokovic N.,3,,2008,29,,
Federer R.,1,,2008,29,,
Nadal R.,2,,2008,29,,
Djokovic N.,3,4945,2008,30,07/23/2008,
Federer R.,1,6600,2008,30,07/24/2008,
Nadal R.,2,5830,2008,30,07/24/2008,
Djokovic N.,3,5055,2008,31,07/30/2008,
Federer R.,1,6605,2008,31,07/29/2008,
Nadal R.,2,6305,2008,31,07/31/2008,
Djokovic N.,3,,2008,32,,
Federer R.,1,,2008,32,,
Nadal R.,2,,2008,32,,
Djokovic N.,3,,2008,33,,
Federer R.,1,,2008,33,,
Nadal R.,2,,2008,33,,
Djokovic N.,3,,2008,34,,
Federer R.,1,,2008,34,,
Nadal R.,2,,2008,34,,
Djokovic N.,3,5105,2008,35,08/27/2008,
Federer R.,2,5930,2008,35,08/27/2008,
Nadal R.,1,6700,2008,35,08/25/2008,
Djokovic N.,3,5105,2008,36,09/01/2008,
Federer R.,2,5930,2008,36,09/02/2008,
Nadal R.,1,6700,2008,36,09/01/2008,
Djokovic N.,3,,2008,37,,
Federer R.,2,5930,2008,37,09/08/2008,
Nadal R.,1,,2008,37,,
Djokovic N.,3,,2008,38,,
Federer R.,2,,2008,38,,
Nadal R.,1,,2008,38,,
Djokovic N.,3,4855,2008,39,09/25/2008,
Federer R.,2,,2008,39,,
Nadal R.,1,,2008,39,,
Djokovic N.,3,,2008,40,,
Federer R.,2,,2008,40,,
Nadal R.,1,,2008,40,,
Djokovic N.,3,,2008,41,,
Federer R.,2,,2008,41,,
Nadal R.,1,,2008,41,,
Djokovic N.,3,4725,2008,42,10/15/2008,
Federer R.,2,5930,2008,42,10/15/2008,
Nadal R.,1,7000,2008,42,10/14/2008,
Djokovic N.,3,,2008,43,,
Federer R.,2,5805,2008,43,10/21/2008,
Nadal R.,1,,2008,43,,
Djokovic N.,3,4575,2008,44,10/28/2008,
Federer R.,2,5805,2008,44,10/29/2008,
Nadal R.,1,7100,2008,44,10/29/2008,
Djokovic N.,3,4645,2008,45,11/09/2008,
Federer R.,2,,2008,45,,
Nadal R.,1,,2008,45,,
Djokovic N.,3,4645,2008,46,11/11/2008,
Federer R.,2,5205,2008,46,11/10/2008,
Nadal R.,1,,2008,46,,
Djokovic N.,3,,2008,47,,
Federer R.,2,,2008,47,,
Nadal R.,1,,2008,47,,
Djokovic N.,3,,2008,48,,
Federer R.,2,,2008,48,,
Nadal R.,1,,2008,48,,
Djokovic N.,3,,2008,49,,
Federer R.,2,,2008,49,,
Nadal R.,1,,2008,49,,
Djokovic N.,3,,2008,50,,
Federer R.,2,,2008,50,,
Nadal R.,1,,2008,50,,
Djokovic N.,3,,2008,51,,
Federer R.,2,,2008,51,,
Nadal R.,1,,2008,51,,
Djokovic N.,3,,2008,52,,
Federer R.,2,,2008,52,,
Nadal R.,1,,2008,52,,
Djokovic N.,3,,2009,1,,
Federer R.,2,,2009,1,,
Nadal R.,1,,2009,1,,
Djokovic N.,3,10590,2009,2,01/06/2009,
Federer R.,2,10610,2009,2,01/06/2009,
Nadal R.,1,13160,2009,2,01/06/2009,
Djokovic N.,3,10590,2009,3,01/14/2009,
Federer R.,2,,2009,3,,
Nadal R.,1,,2009,3,,
Djokovic N.,3,10650,2009,4,01/19/2009,
Federer R.,2,10700,2009,4,01/19/2009,
Nadal R.,1,13160,2009,4,01/20/2009,
Djokovic N.,3,10650,2009,5,01/27/2009,
Federer R.,2,10700,2009,5,01/27/2009,
Nadal R.,1,13160,2009,5,01/26/2009,
Djokovic N.,3,,2009,6,,
Federer R.,2,,2009,6,,
Nadal R.,1,,2009,6,,
Djokovic N.,3,,2009,7,,
Federer R.,2,,2009,7,,
Nadal R.,1,14260,2009,7,02/11/2009,
Djokovic N.,3,9010,2009,8,02/18/2009,
Federer R.,2,,2009,8,,
Nadal R.,1,,2009,8,,
Djokovic N.,3,9010,2009,9,02/24/2009,
Federer R.,2,,2009,9,,
Nadal R.,1,,2009,9,,
Djokovic N.,3,,2009,10,,
Federer R.,2,,2009,10,,
Nadal R.,1,,2009,10,,
Djokovic N.,3,9240,2009,11,03/15/2009,
Federer R.,2,11000,2009,11,03/15/2009,
Nadal R.,1,,2009,11,,
Djokovic N.,3,9240,2009,12,03/17/2009,
Federer R.,2,11000,2009,12,03/16/2009,
Nadal R.,1,14360,2009,12,03/16/2009,
Djokovic N.,3,8420,2009,13,03/27/2009,
Federer R.,2,10910,2009,13,03/27/2009,
Nadal R.,1,14990,2009,13,03/29/2009,
Djokovic N.,3,8420,2009,14,03/30/2009,
Federer R.,2,10910,2009,14,03/31/2009,
Nadal R.,1,14990,2009,14,03/30/2009,
Djokovic N.,3,,2009,15,,
Federer R.,2,,2009,15,,
Nadal R.,1,,2009,15,,
Djokovic N.,3,9010,2009,16,04/14/2009,
Federer R.,2,11020,2009,16,04/15/2009,
Nadal R.,1,14470,2009,16,04/15/2009,
Djokovic N.,3,,2009,17,,
Federer R.,2,,2009,17,,
Nadal R.,1,15390,2009,17,04/22/2009,
Djokovic N.,3,9160,2009,18,04/28/2009,
Federer R.,2,10060,2009,18,04/29/2009,
Nadal R.,1,14890,2009,18,04/29/2009,
Djokovic N.,3,9670,2009,19,05/06/2009,
Federer R.,2,,2009,19,,
Nadal R.,1,,2009,19,,
Djokovic N.,4,8920,2009,20,05/13/2009,
Federer R.,2,10170,2009,20,05/12/2009,
Nadal R.,1,15360,2009,20,05/13/2009,
Djokovic N.,4,,2009,21,,
Federer R.,2,,2009,21,,
Nadal R.,1,,2009,21,,
Djokovic N.,4,8830,2009,22,05/26/2009,
Federer R.,2,10470,2009,22,05/25/2009,
Nadal R.,1,14960,2009,22,05/25/2009,
Djokovic N.,4,,2009,23,,
Federer R.,2,10470,2009,23,06/01/2009,
Nadal R.,1,,2009,23,,
Djokovic N.,4,8020,2009,24,06/09/2009,
Federer R.,2,,2009,24,,
Nadal R.,1,,2009,24,,
Djokovic N.,4,,2009,25,,
Federer R.,2,,2009,25,,
Nadal R.,1,,2009,25,,
Djokovic N.,4,7860,2009,26,06/22/2009,
Federer R.,2,10620,2009,26,06/22/2009,
Nadal R.,1,,2009,26,,
Djokovic N.,4,7860,2009,27,06/29/2009,
Federer R.,2,10620,2009,27,06/29/2009,
Nadal R.,1,,2009,27,,
Djokovic N.,4,,2009,28,,
Federer R.,2,,2009,28,,
Nadal R.,1,,2009,28,,
Djokovic N.,4,,2009,29,,
Federer R.,2,,2009,29,,
Nadal R.,1,,2009,29,,
Djokovic N.,4,,2009,30,,
Federer R.,2,,2009,30,,
Nadal R.,1,,2009,30,,
Djokovic N.,4,,2009,31,,
Federer R.,2,,2009,31,,
Nadal R.,1,,2009,31,,
Djokovic N.,4,,2009,32,,
Federer R.,2,,2009,32,,
Nadal R.,1,,2009,32,,
Djokovic N.,4,7380,2009,33,08/11/2009,
Federer R.,1,11060,2009,33,08/11/2009,
Nadal R.,2,9285,2009,33,08/13/2009,
Djokovic N.,4,7150,2009,34,08/19/2009,
Federer R.,1,11040,2009,34,08/19/2009,
Nadal R.,3,8665,2009,34,08/19/2009,
Djokovic N.,4,,2009,35,,
Federer R.,1,,2009,35,,
Nadal R.,3,,2009,35,,
Djokovic N.,4,7660,2009,36,09/01/2009,
Federer R.,1,12040,2009,36,08/31/2009,
Nadal R.,3,9025,2009,36,09/02/2009,
Djokovic N.,4,7660,2009,37,09/08/2009,
Federer R.,1,12040,2009,37,09/07/2009,
Nadal R.,3,9025,2009,37,09/09/2009,
Djokovic N.,4,,2009,38,,
Federer R.,1,12040,2009,38,09/14/2009,
Nadal R.,3,,2009,38,,
Djokovic N.,4,,2009,39,,
Federer R.,1,,2009,39,,
Nadal R.,3,,2009,39,,
Djokovic N.,4,,2009,40,,
Federer R.,1,,2009,40,,
Nadal R.,3,,2009,40,,
Djokovic N.,4,7330,2009,41,10/05/2009,
Federer R.,1,,2009,41,,
Nadal R.,2,8845,2009,41,10/06/2009,
Djokovic N.,4,7740,2009,42,10/14/2009,
Federer R.,1,,2009,42,,
Nadal R.,2,8945,2009,42,10/14/2009,
Djokovic N.,4,,2009,43,,
Federer R.,1,,2009,43,,
Nadal R.,2,,2009,43,,
Djokovic N.,4,,2009,44,,
Federer R.,1,,2009,44,,
Nadal R.,2,,2009,44,,
Djokovic N.,4,,2009,45,,
Federer R.,1,,2009,45,,
Nadal R.,2,,2009,45,,
Djokovic N.,3,8300,2009,46,11/11/2009,
Federer R.,1,10340,2009,46,11/11/2009,
Nadal R.,2,8845,2009,46,11/11/2009,
Djokovic N.,3,,2009,47,,
Federer R.,1,10150,2009,47,11/22/2009,
Nadal R.,2,,2009,47,,
Djokovic N.,3,7910,2009,48,11/23/2009,
Federer R.,1,10150,2009,48,11/24/2009,
Nadal R.,2,9205,2009,48,11/23/2009,
Djokovic N.,3,,2009,49,,
Federer R.,1,,2009,49,,
Nadal R.,2,,2009,49,,
Djokovic N.,3,,2009,50,,
Federer R.,1,,2009,50,,
Nadal R.,2,,2009,50,,
Djokovic N.,3,,2009,51,,
Federer R.,1,,2009,51,,
Nadal R.,2,,2009,51,,
Djokovic N.,3,,2009,52,,
Federer R.,1,,2009,52,,
Nadal R.,2,,2009,52,,
Djokovic N.,3,,2010,1,,
Federer R.,1,10550,2010,1,01/05/2010,
Nadal R.,2,9205,2010,1,01/05/2010,
Djokovic N.,3,,2010,2,,
Federer R.,1,,2010,2,,
Nadal R.,2,,2010,2,,
Djokovic N.,3,8310,2010,3,01/19/2010,
Federer R.,1,10550,2010,3,01/19/2010,
Nadal R.,2,9310,2010,3,01/18/2010,
Djokovic N.,3,8310,2010,4,01/25/2010,
Federer R.,1,10550,2010,4,01/25/2010,
Nadal R.,2,9310,2010,4,01/26/2010,
Djokovic N.,3,,2010,5,,
Federer R.,1,,2010,5,,
Nadal R.,2,,2010,5,,
Djokovic N.,2,8310,2010,6,02/09/2010,
Federer R.,1,,2010,6,,
Nadal R.,2,,2010,6,,
Djokovic N.,2,,2010,7,,
Federer R.,1,,2010,7,,
Nadal R.,2,,2010,7,,
Djokovic N.,2,8310,2010,8,02/22/2010,
Federer R.,1,,2010,8,,
Nadal R.,2,,2010,8,,
Djokovic N.,2,,2010,9,,
Federer R.,1,,2010,9,,
Nadal R.,2,,2010,9,,
Djokovic N.,2,8310,2010,10,03/14/2010,
Federer R.,1,,2010,10,,
Nadal R.,3,7440,2010,10,03/14/2010,
Djokovic N.,2,8310,2010,11,03/15/2010,
Federer R.,1,11350,2010,11,03/15/2010,
Nadal R.,3,7440,2010,11,03/15/2010,
Djokovic N.,2,8220,2010,12,03/26/2010,
Federer R.,1,11035,2010,12,03/28/2010,
Nadal R.,4,6800,2010,12,03/26/2010,
Djokovic N.,2,,2010,13,,
Federer R.,1,11035,2010,13,03/29/2010,
Nadal R.,4,6800,2010,13,03/30/2010,
Djokovic N.,2,,2010,14,,
Federer R.,1,,2010,14,,
Nadal R.,4,,2010,14,,
Djokovic N.,2,7630,2010,15,04/14/2010,
Federer R.,1,,2010,15,,
Nadal R.,3,6980,2010,15,04/14/2010,
Djokovic N.,2,,2010,16,,
Federer R.,1,,2010,16,,
Nadal R.,3,,2010,16,,
Djokovic N.,2,7390,2010,17,04/27/2010,
Federer R.,1,10690,2010,17,04/27/2010,
Nadal R.,3,6480,2010,17,04/28/2010,
Djokovic N.,2,6970,2010,18,05/06/2010,
Federer R.,1,10340,2010,18,05/05/2010,
Nadal R.,3,,2010,18,,
Djokovic N.,2,,2010,19,,
Federer R.,1,10430,2010,19,05/11/2010,
Nadal R.,3,6480,2010,19,05/12/2010,
Djokovic N.,2,,2010,20,,
Federer R.,1,,2010,20,,
Nadal R.,3,,2010,20,,
Djokovic N.,3,6405,2010,21,05/24/2010,
Federer R.,1,10030,2010,21,05/24/2010,
Nadal R.,2,6880,2010,21,05/25/2010,
Djokovic N.,3,6405,2010,22,05/31/2010,
Federer R.,1,10030,2010,22,06/01/2010,
Nadal R.,2,6880,2010,22,05/31/2010,
Djokovic N.,3,6675,2010,23,06/09/2010,
Federer R.,2,8390,2010,23,06/08/2010,
Nadal R.,1,8700,2010,23,06/09/2010,
Djokovic N.,3,,2010,24,,
Federer R.,2,,2010,24,,
Nadal R.,1,,2010,24,,
Djokovic N.,3,6545,2010,25,06/21/2010,
Federer R.,2,8525,2010,25,06/21/2010,
Nadal R.,1,8745,2010,25,06/22/2010,
Djokovic N.,3,6545,2010,26,06/28/2010,
Federer R.,2,8525,2010,26,06/28/2010,
Nadal R.,1,8745,2010,26,06/28/2010,
Djokovic N.,3,,2010,27,,
Federer R.,2,,2010,27,,
Nadal R.,1,,2010,27,,
Djokovic N.,3,,2010,28,,
Federer R.,2,,2010,28,,
Nadal R.,1,,2010,28,,
Djokovic N.,3,,2010,29,,
Federer R.,2,,2010,29,,
Nadal R.,1,,2010,29,,
Djokovic N.,3,,2010,30,,
Federer R.,2,,2010,30,,
Nadal R.,1,,2010,30,,
Djokovic N.,3,,2010,31,,
Federer R.,2,,2010,31,,
Nadal R.,1,,2010,31,,
Djokovic N.,2,6905,2010,32,08/11/2010,
Federer R.,3,6795,2010,32,08/10/2010,
Nadal R.,1,10745,2010,32,08/11/2010,
Djokovic N.,3,7085,2010,33,08/18/2010,
Federer R.,2,7215,2010,33,08/20/2010,
Nadal R.,1,10925,2010,33,08/18/2010,
Djokovic N.,3,,2010,34,,
Federer R.,2,,2010,34,,
Nadal R.,1,,2010,34,,
Djokovic N.,3,6665,2010,35,08/31/2010,
Federer R.,2,7215,2010,35,08/31/2010,
Nadal R.,1,10745,2010,35,09/01/2010,
Djokovic N.,3,6665,2010,36,09/06/2010,
Federer R.,2,7215,2010,36,09/07/2010,
Nadal R.,1,10745,2010,36,09/08/2010,
Djokovic N.,3,,2010,37,,
Federer R.,2,,2010,37,,
Nadal R.,1,,2010,37,,
Djokovic N.,3,,2010,38,,
Federer R.,2,,2010,38,,
Nadal R.,1,,2010,38,,
Djokovic N.,3,,2010,39,,
Federer R.,2,,2010,39,,
Nadal R.,1,12025,2010,39,09/30/2010,
Djokovic N.,2,7145,2010,40,10/05/2010,
Federer R.,2,,2010,40,,
Nadal R.,1,12070,2010,40,10/05/2010,
Djokovic N.,2,7145,2010,41,10/13/2010,
Federer R.,3,6735,2010,41,10/13/2010,
Nadal R.,1,12390,2010,41,10/13/2010,
Djokovic N.,2,,2010,42,,
Federer R.,2,7335,2010,42,10/21/2010,
Nadal R.,1,,2010,42,,
Djokovic N.,2,,2010,43,,
Federer R.,2,,2010,43,,
Nadal R.,1,,2010,43,,
Djokovic N.,3,7145,2010,44,11/02/2010,
Federer R.,2,7495,2010,44,11/01/2010,
Nadal R.,1,,2010,44,,
Djokovic N.,3,6945,2010,45,11/10/2010,
Federer R.,2,7695,2010,45,11/10/2010,
Nadal R.,1,,2010,45,,
Djokovic N.,3,,2010,46,,
Federer R.,2,7645,2010,46,11/21/2010,
Nadal R.,1,,2010,46,,
Djokovic N.,3,5635,2010,47,11/22/2010,
Federer R.,2,7645,2010,47,11/23/2010,
Nadal R.,1,11450,2010,47,11/22/2010,
Djokovic N.,3,,2010,48,,
Federer R.,2,,2010,48,,
Nadal R.,1,,2010,48,,
Djokovic N.,3,,2010,49,,
Federer R.,2,,2010,49,,
Nadal R.,1,,2010,49,,
Djokovic N.,3,,2010,50,,
Federer R.,2,,2010,50,,
Nadal R.,1,,2010,50,,
Djokovic N.,3,,2010,51,,
Federer R.,2,,2010,51,,
Nadal R.,1,,2010,51,,
Djokovic N.,3,,2010,52,,
Federer R.,2,,2010,52,,
Nadal R.,1,,2010,52,,
Djokovic N.,3,,2011,1,,
Federer R.,2,9145,2011,1,01/04/2011,
Nadal R.,1,12450,2011,1,01/04/2011,
Djokovic N.,3,,2011,2,,
Federer R.,2,,2011,2,,
Nadal R.,1,,2011,2,,
Djokovic N.,3,6240,2011,3,01/17/2011,
Federer R.,2,9245,2011,3,01/17/2011,
Nadal R.,1,12390,2011,3,01/18/2011,
Djokovic N.,3,6240,2011,4,01/25/2011,
Federer R.,2,9245,2011,4,01/25/2011,
Nadal R.,1,12390,2011,4,01/24/2011,
Djokovic N.,3,,2011,5,,
Federer R.,2,,2011,5,,
Nadal R.,1,,2011,5,,
Djokovic N.,3,,2011,6,,
Federer R.,2,,2011,6,,
Nadal R.,1,,2011,6,,
Djokovic N.,3,,2011,7,,
Federer R.,2,,2011,7,,
Nadal R.,1,,2011,7,,
Djokovic N.,3,7880,2011,8,02/22/2011,
Federer R.,2,7965,2011,8,02/22/2011,
Nadal R.,1,,2011,8,,
Djokovic N.,3,,2011,9,,
Federer R.,2,,2011,9,,
Nadal R.,1,,2011,9,,
Djokovic N.,3,,2011,10,,
Federer R.,2,7965,2011,10,03/13/2011,
Nadal R.,1,12390,2011,10,03/13/2011,
Djokovic N.,3,7800,2011,11,03/14/2011,
Federer R.,2,7965,2011,11,03/15/2011,
Nadal R.,1,12390,2011,11,03/14/2011,
Djokovic N.,2,8710,2011,12,03/25/2011,
Federer R.,3,8280,2011,12,03/26/2011,
Nadal R.,1,12630,2011,12,03/27/2011,
Djokovic N.,2,8710,2011,13,03/28/2011,
Federer R.,3,8280,2011,13,03/28/2011,
Nadal R.,1,12630,2011,13,03/28/2011,
Djokovic N.,2,,2011,14,,
Federer R.,3,,2011,14,,
Nadal R.,1,,2011,14,,
Djokovic N.,2,,2011,15,,
Federer R.,3,8550,2011,15,04/12/2011,
Nadal R.,1,12870,2011,15,04/13/2011,
Djokovic N.,2,,2011,16,,
Federer R.,3,,2011,16,,
Nadal R.,1,12870,2011,16,04/20/2011,
Djokovic N.,2,9640,2011,17,04/27/2011,
Federer R.,3,,2011,17,,
Nadal R.,1,,2011,17,,
Djokovic N.,2,9710,2011,18,05/04/2011,
Federer R.,3,8690,2011,18,05/04/2011,
Nadal R.,1,11915,2011,18,05/04/2011,
Djokovic N.,2,10665,2011,19,05/11/2011,
Federer R.,3,8900,2011,19,05/11/2011,
Nadal R.,1,12470,2011,19,05/11/2011,
Djokovic N.,2,,2011,20,,
Federer R.,3,,2011,20,,
Nadal R.,1,,2011,20,,
Djokovic N.,2,11665,2011,21,05/23/2011,
Federer R.,3,8390,2011,21,05/23/2011,
Nadal R.,1,12070,2011,21,05/24/2011,
Djokovic N.,2,11665,2011,22,06/03/2011,
Federer R.,3,8390,2011,22,05/31/2011,
Nadal R.,1,12070,2011,22,05/30/2011,
Djokovic N.,2,,2011,23,,
Federer R.,3,,2011,23,,
Nadal R.,1,12070,2011,23,06/08/2011,
Djokovic N.,2,,2011,24,,
Federer R.,3,,2011,24,,
Nadal R.,1,,2011,24,,
Djokovic N.,2,12005,2011,25,06/21/2011,
Federer R.,3,9230,2011,25,06/21/2011,
Nadal R.,1,12070,2011,25,06/20/2011,
Djokovic N.,2,12005,2011,26,06/27/2011,
Federer R.,3,9230,2011,26,06/27/2011,
Nadal R.,1,12070,2011,26,06/27/2011,
Djokovic N.,2,,2011,27,,
Federer R.,3,,2011,27,,
Nadal R.,1,,2011,27,,
Djokovic N.,2,,2011,28,,
Federer R.,3,,2011,28,,
Nadal R.,1,,2011,28,,
Djokovic N.,2,,2011,29,,
Federer R.,3,,2011,29,,
Nadal R.,1,,2011,29,,
Djokovic N.,2,,2011,30,,
Federer R.,3,,2011,30,,
Nadal R.,1,,2011,30,,
Djokovic N.,2,,2011,31,,
Federer R.,3,,2011,31,,
Nadal R.,1,,2011,31,,
Djokovic N.,1,12860,2011,32,08/10/2011,
Federer R.,3,9710,2011,32,08/10/2011,
Nadal R.,2,11770,2011,32,08/11/2011,
Djokovic N.,1,13500,2011,33,08/18/2011,
Federer R.,3,9200,2011,33,08/17/2011,
Nadal R.,2,11420,2011,33,08/17/2011,
Djokovic N.,1,,2011,34,,
Federer R.,3,,2011,34,,
Nadal R.,2,,2011,34,,
Djokovic N.,1,13920,2011,35,08/30/2011,
Federer R.,3,8380,2011,35,08/30/2011,
Nadal R.,2,11420,2011,35,08/31/2011,
Djokovic N.,1,13920,2011,36,09/05/2011,
Federer R.,3,8380,2011,36,09/06/2011,
Nadal R.,2,11420,2011,36,09/08/2011,
Djokovic N.,1,13920,2011,37,09/12/2011,
Federer R.,3,,2011,37,,
Nadal R.,2,11420,2011,37,09/12/2011,
Djokovic N.,1,,2011,38,,
Federer R.,3,,2011,38,,
Nadal R.,2,,2011,38,,
Djokovic N.,1,,2011,39,,
Federer R.,3,,2011,39,,
Nadal R.,2,,2011,39,,
Djokovic N.,1,,2011,40,,
Federer R.,3,,2011,40,,
Nadal R.,2,10575,2011,40,10/04/2011,
Djokovic N.,1,,2011,41,,
Federer R.,3,,2011,41,,
Nadal R.,2,10375,2011,41,10/12/2011,
Djokovic N.,1,,2011,42,,
Federer R.,3,,2011,42,,
Nadal R.,2,,2011,42,,
Djokovic N.,1,,2011,43,,
Federer R.,3,,2011,43,,
Nadal R.,2,,2011,43,,
Djokovic N.,1,13860,2011,44,11/01/2011,
Federer R.,4,7530,2011,44,10/31/2011,
Nadal R.,2,,2011,44,,
Djokovic N.,1,13785,2011,45,11/09/2011,
Federer R.,4,7530,2011,45,11/09/2011,
Nadal R.,2,,2011,45,,
Djokovic N.,1,,2011,46,,
Federer R.,4,6670,2011,46,11/20/2011,
Nadal R.,2,9375,2011,46,11/20/2011,
Djokovic N.,1,13475,2011,47,11/21/2011,
Federer R.,4,6670,2011,47,11/22/2011,
Nadal R.,2,9375,2011,47,11/22/2011,
Djokovic N.,1,,2011,48,,
Federer R.,4,,2011,48,,
Nadal R.,2,,2011,48,,
Djokovic N.,1,,2011,49,,
Federer R.,4,,2011,49,,
Nadal R.,2,,2011,49,,
Djokovic N.,1,,2011,50,,
Federer R.,4,,2011,50,,
Nadal R.,2,,2011,50,,
Djokovic N.,1,,2011,51,,
Federer R.,4,,2011,51,,
Nadal R.,2,,2011,51,,
Djokovic N.,1,,2011,52,,
Federer R.,4,,2011,52,,
Nadal R.,2,,2011,52,,
Djokovic N.,1,,2012,1,,
Federer R.,3,8170,2012,1,01/03/2012,
Nadal R.,2,9595,2012,1,01/03/2012,
Djokovic N.,1,,2012,2,,
Federer R.,3,,2012,2,,
Nadal R.,2,,2012,2,,
Djokovic N.,1,13630,2012,3,01/17/2012,
Federer R.,3,8010,2012,3,01/16/2012,
Nadal R.,2,9595,2012,3,01/16/2012,
Djokovic N.,1,13630,2012,4,01/23/2012,
Federer R.,3,8010,2012,4,01/24/2012,
Nadal R.,2,9595,2012,4,01/24/2012,
Djokovic N.,1,,2012,5,,
Federer R.,3,,2012,5,,
Nadal R.,2,,2012,5,,
Djokovic N.,1,,2012,6,,
Federer R.,3,,2012,6,,
Nadal R.,2,,2012,6,,
Djokovic N.,1,,2012,7,,
Federer R.,3,8010,2012,7,02/15/2012,
Nadal R.,2,,2012,7,,
Djokovic N.,1,,2012,8,,
Federer R.,3,,2012,8,,
Nadal R.,2,,2012,8,,
Djokovic N.,1,13130,2012,9,02/27/2012,
Federer R.,3,8235,2012,9,02/28/2012,
Nadal R.,2,,2012,9,,
Djokovic N.,1,13310,2012,10,03/10/2012,
Federer R.,3,,2012,10,,
Nadal R.,2,10415,2012,10,03/11/2012,
Djokovic N.,1,13310,2012,11,03/12/2012,
Federer R.,3,8710,2012,11,03/12/2012,
Nadal R.,2,10415,2012,11,03/13/2012,
Djokovic N.,1,12670,2012,12,03/25/2012,
Federer R.,3,9350,2012,12,03/24/2012,
Nadal R.,2,10175,2012,12,03/24/2012,
Djokovic N.,1,12670,2012,13,03/26/2012,
Federer R.,3,9350,2012,13,03/27/2012,
Nadal R.,2,10175,2012,13,03/26/2012,
Djokovic N.,1,,2012,14,,
Federer R.,3,,2012,14,,
Nadal R.,2,,2012,14,,
Djokovic N.,1,,2012,15,,
Federer R.,3,,2012,15,,
Nadal R.,2,,2012,15,,
Djokovic N.,1,12670,2012,16,04/18/2012,
Federer R.,3,,2012,16,,
Nadal R.,2,9215,2012,16,04/18/2012,
Djokovic N.,1,,2012,17,,
Federer R.,3,,2012,17,,
Nadal R.,2,9715,2012,17,04/25/2012,
Djokovic N.,1,,2012,18,,
Federer R.,3,,2012,18,,
Nadal R.,2,,2012,18,,
Djokovic N.,1,12020,2012,19,05/08/2012,
Federer R.,3,8520,2012,19,05/09/2012,
Nadal R.,2,9615,2012,19,05/09/2012,
Djokovic N.,1,11200,2012,20,05/15/2012,
Federer R.,2,9430,2012,20,05/16/2012,
Nadal R.,3,9105,2012,20,05/16/2012,
Djokovic N.,1,11200,2012,21,05/21/2012,
Federer R.,2,,2012,21,,
Nadal R.,3,9105,2012,21,05/21/2012,
Djokovic N.,1,11800,2012,22,05/28/2012,
Federer R.,3,9790,2012,22,05/28/2012,
Nadal R.,2,10060,2012,22,05/29/2012,
Djokovic N.,1,11800,2012,23,06/05/2012,
Federer R.,3,9790,2012,23,06/05/2012,
Nadal R.,2,10060,2012,23,06/04/2012,
Djokovic N.,1,,2012,24,,
Federer R.,3,9310,2012,24,06/14/2012,
Nadal R.,2,10060,2012,24,06/14/2012,
Djokovic N.,1,,2012,25,,
Federer R.,3,,2012,25,,
Nadal R.,2,,2012,25,,
Djokovic N.,1,12280,2012,26,06/25/2012,
Federer R.,3,9435,2012,26,06/25/2012,
Nadal R.,2,10060,2012,26,06/26/2012,
Djokovic N.,1,12280,2012,27,07/02/2012,
Federer R.,3,9435,2012,27,07/02/2012,
Nadal R.,2,,2012,27,,
Djokovic N.,1,,2012,28,,
Federer R.,3,,2012,28,,
Nadal R.,2,,2012,28,,
Djokovic N.,1,,2012,29,,
Federer R.,3,,2012,29,,
Nadal R.,2,,2012,29,,
Djokovic N.,1,,2012,30,,
Federer R.,3,,2012,30,,
Nadal R.,2,,2012,30,,
Djokovic N.,1,,2012,31,,
Federer R.,3,,2012,31,,
Nadal R.,2,,2012,31,,
Djokovic N.,2,11270,2012,32,08/09/2012,
Federer R.,3,,2012,32,,
Nadal R.,2,,2012,32,,
Djokovic N.,2,11270,2012,33,08/13/2012,
Federer R.,1,11345,2012,33,08/16/2012,
Nadal R.,2,,2012,33,,
Djokovic N.,2,,2012,34,,
Federer R.,1,,2012,34,,
Nadal R.,2,,2012,34,,
Djokovic N.,2,11270,2012,35,08/29/2012,
Federer R.,1,12165,2012,35,08/28/2012,
Nadal R.,2,,2012,35,,
Djokovic N.,2,11270,2012,36,09/05/2012,
Federer R.,1,12165,2012,36,09/06/2012,
Nadal R.,2,,2012,36,,
Djokovic N.,2,11270,2012,37,09/10/2012,
Federer R.,1,,2012,37,,
Nadal R.,2,,2012,37,,
Djokovic N.,2,,2012,38,,
Federer R.,1,,2012,38,,
Nadal R.,2,,2012,38,,
Djokovic N.,2,,2012,39,,
Federer R.,1,,2012,39,,
Nadal R.,2,,2012,39,,
Djokovic N.,2,10470,2012,40,10/02/2012,
Federer R.,,,2012,40,,
Nadal R.,2,10860,2012,40,10/02/2012,
Djokovic N.,2,10970,2012,41,10/10/2012,
Federer R.,1,11805,2012,41,10/10/2012,
Nadal R.,2,,2012,41,,
Djokovic N.,2,,2012,42,,
Federer R.,1,,2012,42,,
Nadal R.,2,,2012,42,,
Djokovic N.,2,,2012,43,,
Federer R.,1,12165,2012,43,10/22/2012,
Nadal R.,2,,2012,43,,
Djokovic N.,2,11970,2012,44,10/31/2012,
Federer R.,1,,2012,44,,
Nadal R.,2,,2012,44,,
Djokovic N.,1,11420,2012,45,11/05/2012,
Federer R.,2,9465,2012,45,11/06/2012,
Nadal R.,2,,2012,45,,
Djokovic N.,1,11420,2012,46,11/12/2012,
Federer R.,2,9465,2012,46,11/12/2012,
Nadal R.,2,,2012,46,,
Djokovic N.,1,,2012,47,,
Federer R.,2,,2012,47,,
Nadal R.,2,,2012,47,,
Djokovic N.,1,,2012,48,,
Federer R.,2,,2012,48,,
Nadal R.,2,,2012,48,,
Djokovic N.,1,,2012,49,,
Federer R.,2,,2012,49,,
Nadal R.,2,,2012,49,,
Djokovic N.,1,,2012,50,,
Federer R.,2,,2012,50,,
Nadal R.,2,,2012,50,,
Djokovic N.,1,,2012,51,,
Federer R.,2,,2012,51,,
Nadal R.,2,,2012,51,,
Djokovic N.,1,,2012,52,,
Federer R.,2,,2012,52,,
Nadal R.,2,,2012,52,,
Djokovic N.,,,2013,1,,
Federer R.,2,,2013,1,,
Nadal R.,1,13030,2013,1,12/31/2013,
Djokovic N.,,,2013,2,,
Federer R.,2,,2013,2,,
Nadal R.,1,,2013,2,,
Djokovic N.,1,12920,2013,3,01/14/2013,
Federer R.,2,10265,2013,3,01/15/2013,
Nadal R.,,,2013,3,,
Djokovic N.,1,12920,2013,4,01/22/2013,
Federer R.,2,10265,2013,4,01/21/2013,
Nadal R.,,,2013,4,,
Djokovic N.,1,,2013,5,,
Federer R.,2,,2013,5,,
Nadal R.,,,2013,5,,
Djokovic N.,1,,2013,6,,
Federer R.,2,,2013,6,,
Nadal R.,5,5400,2013,6,02/06/2013,
Djokovic N.,1,,2013,7,,
Federer R.,2,10265,2013,7,02/13/2013,
Nadal R.,5,5550,2013,7,02/14/2013,
Djokovic N.,1,,2013,8,,
Federer R.,2,,2013,8,,
Nadal R.,5,,2013,8,,
Djokovic N.,1,12960,2013,9,02/26/2013,
Federer R.,2,9855,2013,9,02/25/2013,
Nadal R.,5,5755,2013,9,02/27/2013,
Djokovic N.,1,,2013,10,,
Federer R.,2,9535,2013,10,03/09/2013,
Nadal R.,5,6105,2013,10,03/10/2013,
Djokovic N.,1,13280,2013,11,03/11/2013,
Federer R.,2,9535,2013,11,03/11/2013,
Nadal R.,5,6105,2013,11,03/14/2013,
Djokovic N.,1,13280,2013,12,03/23/2013,
Federer R.,2,,2013,12,,
Nadal R.,5,,2013,12,,
Djokovic N.,1,13280,2013,13,03/27/2013,
Federer R.,2,,2013,13,,
Nadal R.,5,,2013,13,,
Djokovic N.,1,,2013,14,,
Federer R.,2,,2013,14,,
Nadal R.,5,,2013,14,,
Djokovic N.,1,,2013,15,,
Federer R.,2,,2013,15,,
Nadal R.,5,,2013,15,,
Djokovic N.,1,12500,2013,16,04/17/2013,
Federer R.,2,,2013,16,,
Nadal R.,5,6385,2013,16,04/17/2013,
Djokovic N.,1,,2013,17,,
Federer R.,2,,2013,17,,
Nadal R.,5,5985,2013,17,04/24/2013,
Djokovic N.,1,,2013,18,,
Federer R.,2,,2013,18,,
Nadal R.,5,,2013,18,,
Djokovic N.,1,12900,2013,19,05/07/2013,
Federer R.,2,8670,2013,19,05/07/2013,
Nadal R.,5,5985,2013,19,05/08/2013,
Djokovic N.,1,12730,2013,20,05/14/2013,
Federer R.,3,7760,2013,20,05/14/2013,
Nadal R.,5,6895,2013,20,05/15/2013,
Djokovic N.,1,,2013,21,,
Federer R.,3,8000,2013,21,05/26/2013,
Nadal R.,5,,2013,21,,
Djokovic N.,1,12310,2013,22,05/28/2013,
Federer R.,3,8000,2013,22,05/29/2013,
Nadal R.,4,6895,2013,22,05/27/2013,
Djokovic N.,1,12310,2013,23,06/03/2013,
Federer R.,3,8000,2013,23,06/04/2013,
Nadal R.,4,6895,2013,23,06/03/2013,
Djokovic N.,1,,2013,24,,
Federer R.,3,7640,2013,24,06/12/2013,
Nadal R.,4,,2013,24,,
Djokovic N.,1,,2013,25,,
Federer R.,3,,2013,25,,
Nadal R.,4,,2013,25,,
Djokovic N.,1,11830,2013,26,06/25/2013,
Federer R.,3,7740,2013,26,06/24/2013,
Nadal R.,5,6895,2013,26,06/24/2013,
Djokovic N.,1,11830,2013,27,07/01/2013,
Federer R.,3,,2013,27,,
Nadal R.,5,,2013,27,,
Djokovic N.,1,,2013,28,,
Federer R.,3,,2013,28,,
Nadal R.,5,,2013,28,,
Djokovic N.,1,,2013,29,,
Federer R.,5,5785,2013,29,07/17/2013,
Nadal R.,5,,2013,29,,
Djokovic N.,1,,2013,30,,
Federer R.,5,5875,2013,30,07/25/2013,
Nadal R.,5,,2013,30,,
Djokovic N.,1,,2013,31,,
Federer R.,5,,2013,31,,
Nadal R.,5,,2013,31,,
Djokovic N.,1,12040,2013,32,08/07/2013,
Federer R.,5,,2013,32,,
Nadal R.,4,6860,2013,32,08/07/2013,
Djokovic N.,1,11400,2013,33,08/14/2013,
Federer R.,5,5515,2013,33,08/14/2013,
Nadal R.,3,7860,2013,33,08/15/2013,
Djokovic N.,1,,2013,34,,
Federer R.,5,,2013,34,,
Nadal R.,3,,2013,34,,
Djokovic N.,1,10980,2013,35,08/28/2013,
Federer R.,7,4695,2013,35,08/27/2013,
Nadal R.,2,8860,2013,35,08/26/2013,
Djokovic N.,1,10980,2013,36,09/02/2013,
Federer R.,7,4695,2013,36,09/02/2013,
Nadal R.,2,8860,2013,36,09/03/2013,
Djokovic N.,1,10980,2013,37,09/09/2013,
Federer R.,7,,2013,37,,
Nadal R.,2,8860,2013,37,09/09/2013,
Djokovic N.,1,,2013,38,,
Federer R.,7,,2013,38,,
Nadal R.,2,,2013,38,,
Djokovic N.,1,,2013,39,,
Federer R.,7,,2013,39,,
Nadal R.,2,,2013,39,,
Djokovic N.,1,11120,2013,40,10/02/2013,
Federer R.,7,,2013,40,,
Nadal R.,2,,2013,40,,
Djokovic N.,,11120,2013,41,10/07/2013,
Djokovic N.,2,11120,2013,41,10/09/2013,
Federer R.,7,4515,2013,41,10/09/2013,
Nadal R.,1,11160,2013,41,10/09/2013,
Djokovic N.,2,,2013,42,,
Federer R.,7,,2013,42,,
Nadal R.,1,,2013,42,,
Djokovic N.,2,,2013,43,,
Federer R.,6,4245,2013,43,10/21/2013,
Nadal R.,1,,2013,43,,
Djokovic N.,2,11120,2013,44,10/29/2013,
Federer R.,6,4245,2013,44,10/30/2013,
Nadal R.,1,11670,2013,44,10/30/2013,
Djokovic N.,2,10610,2013,45,11/05/2013,
Federer R.,7,3805,2013,45,11/05/2013,
Nadal R.,1,12030,2013,45,11/05/2013,
Djokovic N.,2,10610,2013,46,11/11/2013,
Federer R.,7,,2013,46,,
Nadal R.,1,12030,2013,46,11/11/2013,
Djokovic N.,2,,2013,47,,
Federer R.,7,,2013,47,,
Nadal R.,1,,2013,47,,
Djokovic N.,2,,2013,48,,
Federer R.,7,,2013,48,,
Nadal R.,1,,2013,48,,
Djokovic N.,2,,2013,49,,
Federer R.,7,,2013,49,,
Nadal R.,1,,2013,49,,
Djokovic N.,2,,2013,50,,
Federer R.,7,,2013,50,,
Nadal R.,1,,2013,50,,
Djokovic N.,2,,2013,51,,
Federer R.,7,,2013,51,,
Nadal R.,1,,2013,51,,
Djokovic N.,2,,2013,52,,
Federer R.,7,,2013,52,,
Nadal R.,1,,2013,52,,
Djokovic N.,2,,2014,1,,
Federer R.,6,4205,2014,1,01/01/2014,
Nadal R.,1,13030,2014,1,01/01/2014,
Djokovic N.,2,,2014,2,,
Federer R.,6,,2014,2,,
Nadal R.,1,,2014,2,,
Djokovic N.,2,12260,2014,3,01/13/2014,
Federer R.,6,4355,2014,3,01/14/2014,
Nadal R.,1,13130,2014,3,01/16/2014,
Djokovic N.,2,12260,2014,4,01/21/2014,
Federer R.,6,4355,2014,4,01/20/2014,
Nadal R.,1,13130,2014,4,01/20/2014,
Djokovic N.,2,,2014,5,,
Federer R.,6,,2014,5,,
Nadal R.,1,,2014,5,,
Djokovic N.,2,,2014,6,,
Federer R.,6,,2014,6,,
Nadal R.,1,,2014,6,,
Djokovic N.,2,,2014,7,,
Federer R.,6,,2014,7,,
Nadal R.,1,,2014,7,,
Djokovic N.,2,,2014,8,,
Federer R.,6,,2014,8,,
Nadal R.,1,14085,2014,8,02/18/2014,
Djokovic N.,2,10580,2014,9,02/25/2014,
Federer R.,8,4305,2014,9,02/24/2014,
Nadal R.,1,,2014,9,,
Djokovic N.,2,,2014,10,,
Federer R.,8,4625,2014,10,03/08/2014,
Nadal R.,1,14085,2014,10,03/09/2014,
Djokovic N.,2,10260,2014,11,03/10/2014,
Federer R.,8,4625,2014,11,03/10/2014,
Nadal R.,1,14085,2014,11,03/11/2014,
Djokovic N.,2,10900,2014,12,03/21/2014,
Federer R.,5,5045,2014,12,03/21/2014,
Nadal R.,1,13130,2014,12,03/23/2014,
Djokovic N.,2,10900,2014,13,03/25/2014,
Federer R.,5,5045,2014,13,03/25/2014,
Nadal R.,1,13130,2014,13,03/24/2014,
Djokovic N.,2,,2014,14,,
Federer R.,5,,2014,14,,
Nadal R.,1,,2014,14,,
Djokovic N.,2,,2014,15,,
Federer R.,5,,2014,15,,
Nadal R.,1,,2014,15,,
Djokovic N.,2,11680,2014,16,04/15/2014,
Federer R.,4,5355,2014,16,04/16/2014,
Nadal R.,1,13730,2014,16,04/16/2014,
Djokovic N.,2,,2014,17,,
Federer R.,4,,2014,17,,
Nadal R.,1,13310,2014,17,04/23/2014,
Djokovic N.,2,,2014,18,,
Federer R.,4,,2014,18,,
Nadal R.,1,,2014,18,,
Djokovic N.,2,,2014,19,,
Federer R.,4,,2014,19,,
Nadal R.,1,12900,2014,19,05/07/2014,
Djokovic N.,2,11030,2014,20,05/13/2014,
Federer R.,4,5715,2014,20,05/14/2014,
Nadal R.,1,12900,2014,20,05/14/2014,
Djokovic N.,2,,2014,21,,
Federer R.,4,5125,2014,21,05/25/2014,
Nadal R.,1,,2014,21,,
Djokovic N.,2,11850,2014,22,05/26/2014,
Federer R.,4,5125,2014,22,05/28/2014,
Nadal R.,1,12500,2014,22,05/26/2014,
Djokovic N.,2,11850,2014,23,06/03/2014,
Federer R.,4,,2014,23,,
Nadal R.,1,12500,2014,23,06/02/2014,
Djokovic N.,2,,2014,24,,
Federer R.,4,4945,2014,24,06/12/2014,
Nadal R.,1,12500,2014,24,06/12/2014,
Djokovic N.,2,,2014,25,,
Federer R.,4,,2014,25,,
Nadal R.,1,,2014,25,,
Djokovic N.,2,12330,2014,26,06/23/2014,
Federer R.,4,4945,2014,26,06/24/2014,
Nadal R.,1,12500,2014,26,06/24/2014,
Djokovic N.,2,12330,2014,27,06/30/2014,
Federer R.,4,4945,2014,27,07/01/2014,
Nadal R.,1,12500,2014,27,07/01/2014,
Djokovic N.,2,,2014,28,,
Federer R.,4,,2014,28,,
Nadal R.,1,,2014,28,,
Djokovic N.,2,,2014,29,,
Federer R.,4,,2014,29,,
Nadal R.,1,,2014,29,,
Djokovic N.,2,,2014,30,,
Federer R.,4,,2014,30,,
Nadal R.,1,,2014,30,,
Djokovic N.,2,,2014,31,,
Federer R.,4,,2014,31,,
Nadal R.,1,,2014,31,,
Djokovic N.,1,13130,2014,32,08/06/2014,
Federer R.,3,6070,2014,32,08/06/2014,
Nadal R.,,,2014,32,,
Djokovic N.,1,12860,2014,33,08/13/2014,
Federer R.,3,6670,2014,33,08/13/2014,
Nadal R.,,,2014,33,,
Djokovic N.,1,,2014,34,,
Federer R.,3,,2014,34,,
Nadal R.,,,2014,34,,
Djokovic N.,1,12770,2014,35,08/26/2014,
Federer R.,3,7490,2014,35,08/27/2014,
Nadal R.,,,2014,35,,
Djokovic N.,1,12770,2014,36,09/01/2014,
Federer R.,3,7490,2014,36,09/03/2014,
Nadal R.,,,2014,36,,
Djokovic N.,1,,2014,37,,
Federer R.,3,,2014,37,,
Nadal R.,,,2014,37,,
Djokovic N.,1,,2014,38,,
Federer R.,3,,2014,38,,
Nadal R.,,,2014,38,,
Djokovic N.,1,,2014,39,,
Federer R.,3,,2014,39,,
Nadal R.,,,2014,39,,
Djokovic N.,1,12150,2014,40,09/30/2014,
Federer R.,3,,2014,40,,
Nadal R.,2,8665,2014,40,09/30/2014,
Djokovic N.,1,12150,2014,41,10/08/2014,
Federer R.,3,8170,2014,41,10/08/2014,
Nadal R.,2,8455,2014,41,10/08/2014,
Djokovic N.,1,,2014,42,,
Federer R.,3,,2014,42,,
Nadal R.,2,,2014,42,,
Djokovic N.,1,,2014,43,,
Federer R.,2,9080,2014,43,10/22/2014,
Nadal R.,3,8105,2014,43,10/20/2014,
Djokovic N.,1,11510,2014,44,10/28/2014,
Federer R.,2,9280,2014,44,10/29/2014,
Nadal R.,3,,2014,44,,
Djokovic N.,1,,2014,45,,
Federer R.,2,8700,2014,45,11/09/2014,
Nadal R.,3,,2014,45,,
Djokovic N.,1,10010,2014,46,11/10/2014,
Federer R.,2,8700,2014,46,11/11/2014,
Nadal R.,3,,2014,46,,
Djokovic N.,1,,2014,47,,
Federer R.,2,,2014,47,,
Nadal R.,3,,2014,47,,
Djokovic N.,1,,2014,48,,
Federer R.,2,,2014,48,,
Nadal R.,3,,2014,48,,
Djokovic N.,1,,2014,49,,
Federer R.,2,,2014,49,,
Nadal R.,3,,2014,49,,
Djokovic N.,1,,2014,50,,
Federer R.,2,,2014,50,,
Nadal R.,3,,2014,50,,
Djokovic N.,1,,2014,51,,
Federer R.,2,,2014,51,,
Nadal R.,3,,2014,51,,
Djokovic N.,1,,2014,52,,
Federer R.,2,,2014,52,,
Nadal R.,3,,2014,52,,
Djokovic N.,1,,2015,1,,
Federer R.,2,,2015,1,,
Nadal R.,3,,2015,1,,
Djokovic N.,1,11360,2015,2,01/06/2015,
Federer R.,2,9625,2015,2,01/08/2015,
Nadal R.,3,6585,2015,2,01/06/2015,
Djokovic N.,1,,2015,3,,
Federer R.,2,,2015,3,,
Nadal R.,3,,2015,3,,
Djokovic N.,1,11405,2015,4,01/20/2015,
Federer R.,2,9875,2015,4,01/19/2015,
Nadal R.,3,6585,2015,4,01/19/2015,
Djokovic N.,1,11405,2015,5,01/26/2015,
Federer R.,2,,2015,5,,
Nadal R.,3,6585,2015,5,01/27/2015,
Djokovic N.,1,,2015,6,,
Federer R.,2,,2015,6,,
Nadal R.,3,,2015,6,,
Djokovic N.,1,,2015,7,,
Federer R.,2,,2015,7,,
Nadal R.,3,,2015,7,,
Djokovic N.,1,,2015,8,,
Federer R.,2,,2015,8,,
Nadal R.,3,5745,2015,8,02/17/2015,
Djokovic N.,1,13045,2015,9,02/24/2015,
Federer R.,2,9205,2015,9,02/23/2015,
Nadal R.,4,5425,2015,9,02/26/2015,
Djokovic N.,1,,2015,10,,
Federer R.,2,,2015,10,,
Nadal R.,4,,2015,10,,
Djokovic N.,1,13205,2015,11,03/15/2015,
Federer R.,2,9205,2015,11,03/15/2015,
Nadal R.,4,,2015,11,,
Djokovic N.,1,13205,2015,12,03/17/2015,
Federer R.,2,9205,2015,12,03/18/2015,
Nadal R.,3,5675,2015,12,03/16/2015,
Djokovic N.,1,13205,2015,13,03/29/2015,
Federer R.,2,,2015,13,,
Nadal R.,3,5810,2015,13,03/27/2015,
Djokovic N.,1,13205,2015,14,03/30/2015,
Federer R.,2,,2015,14,,
Nadal R.,3,,2015,14,,
Djokovic N.,1,,2015,15,,
Federer R.,2,,2015,15,,
Nadal R.,3,,2015,15,,
Djokovic N.,1,13205,2015,16,04/14/2015,
Federer R.,2,8895,2015,16,04/15/2015,
Nadal R.,5,5255,2015,16,04/15/2015,
Djokovic N.,1,,2015,17,,
Federer R.,2,,2015,17,,
Nadal R.,4,5435,2015,17,04/22/2015,
Djokovic N.,1,,2015,18,,
Federer R.,2,8385,2015,18,04/29/2015,
Nadal R.,4,,2015,18,,
Djokovic N.,1,,2015,19,,
Federer R.,2,8635,2015,19,05/06/2015,
Nadal R.,4,5390,2015,19,05/06/2015,
Djokovic N.,1,13845,2015,20,05/12/2015,
Federer R.,2,8645,2015,20,05/13/2015,
Nadal R.,7,4990,2015,20,05/13/2015,
Djokovic N.,1,,2015,21,,
Federer R.,2,9235,2015,21,05/24/2015,
Nadal R.,7,,2015,21,,
Djokovic N.,1,13845,2015,22,05/26/2015,
Federer R.,2,9235,2015,22,05/27/2015,
Nadal R.,7,4570,2015,22,05/26/2015,
Djokovic N.,1,13845,2015,23,06/01/2015,
Federer R.,2,9235,2015,23,06/01/2015,
Nadal R.,7,4570,2015,23,06/01/2015,
Djokovic N.,1,,2015,24,,
Federer R.,2,,2015,24,,
Nadal R.,10,2930,2015,24,06/11/2015,
Djokovic N.,1,,2015,25,,
Federer R.,2,9165,2015,25,06/15/2015,
Nadal R.,10,3135,2015,25,06/16/2015,
Djokovic N.,1,,2015,26,,
Federer R.,2,,2015,26,,
Nadal R.,10,,2015,26,,
Djokovic N.,1,13845,2015,27,06/29/2015,
Federer R.,2,9665,2015,27,06/30/2015,
Nadal R.,10,3135,2015,27,06/30/2015,
Djokovic N.,1,13845,2015,28,07/07/2015,
Federer R.,2,9665,2015,28,07/06/2015,
Nadal R.,10,,2015,28,,
Djokovic N.,1,,2015,29,,
Federer R.,2,,2015,29,,
Nadal R.,10,,2015,29,,
Djokovic N.,1,,2015,30,,
Federer R.,2,,2015,30,,
Nadal R.,10,,2015,30,,
Djokovic N.,1,,2015,31,,
Federer R.,2,,2015,31,,
Nadal R.,10,3000,2015,31,07/28/2015,
Djokovic N.,1,,2015,32,,
Federer R.,2,,2015,32,,
Nadal R.,10,,2015,32,,
Djokovic N.,1,13755,2015,33,08/11/2015,
Federer R.,2,,2015,33,,
Nadal R.,9,3500,2015,33,08/12/2015,
Djokovic N.,1,14265,2015,34,08/19/2015,
Federer R.,3,8065,2015,34,08/19/2015,
Nadal R.,8,3680,2015,34,08/20/2015,
Djokovic N.,1,,2015,35,,
Federer R.,3,,2015,35,,
Nadal R.,8,,2015,35,,
Djokovic N.,1,14865,2015,36,08/31/2015,
Federer R.,2,9065,2015,36,09/01/2015,
Nadal R.,8,3680,2015,36,09/01/2015,
Djokovic N.,1,14865,2015,37,09/07/2015,
Federer R.,2,9065,2015,37,09/08/2015,
Nadal R.,8,,2015,37,,
Djokovic N.,1,,2015,38,,
Federer R.,2,,2015,38,,
Nadal R.,8,,2015,38,,
Djokovic N.,1,,2015,39,,
Federer R.,2,,2015,39,,
Nadal R.,8,,2015,39,,
Djokovic N.,1,,2015,40,,
Federer R.,2,,2015,40,,
Nadal R.,8,,2015,40,,
Djokovic N.,1,15645,2015,41,10/06/2015,
Federer R.,2,,2015,41,,
Nadal R.,8,3770,2015,41,10/06/2015,
Djokovic N.,1,15785,2015,42,10/14/2015,
Federer R.,3,8420,2015,42,10/13/2015,
Nadal R.,7,4060,2015,42,10/14/2015,
Djokovic N.,1,,2015,43,,
Federer R.,3,,2015,43,,
Nadal R.,7,,2015,43,,
Djokovic N.,1,,2015,44,,
Federer R.,3,7930,2015,44,10/27/2015,
Nadal R.,7,4330,2015,44,10/26/2015,
Djokovic N.,1,15785,2015,45,11/03/2015,
Federer R.,2,8250,2015,45,11/04/2015,
Nadal R.,6,4630,2015,45,11/04/2015,
Djokovic N.,1,15285,2015,46,11/15/2015,
Federer R.,3,7340,2015,46,11/15/2015,
Nadal R.,6,,2015,46,,
Djokovic N.,1,15285,2015,47,11/17/2015,
Federer R.,3,7340,2015,47,11/17/2015,
Nadal R.,5,4630,2015,47,11/16/2015,
Djokovic N.,1,,2015,48,,
Federer R.,3,,2015,48,,
Nadal R.,5,,2015,48,,
Djokovic N.,1,,2015,49,,
Federer R.,3,,2015,49,,
Nadal R.,5,,2015,49,,
Djokovic N.,1,,2015,50,,
Federer R.,3,,2015,50,,
Nadal R.,5,,2015,50,,
Djokovic N.,1,,2015,51,,
Federer R.,3,,2015,51,,
Nadal R.,5,,2015,51,,
Djokovic N.,1,,2015,52,,
Federer R.,3,,2015,52,,
Nadal R.,5,,2015,52,,
Djokovic N.,1,16585,2016,1,01/04/2016,
Federer R.,3,8265,2016,1,01/07/2016,
Nadal R.,5,5230,2016,1,01/05/2016,
Djokovic N.,1,,2016,2,,
Federer R.,3,,2016,2,,
Nadal R.,5,,2016,2,,
Djokovic N.,1,16790,2016,3,01/18/2016,
Federer R.,3,8165,2016,3,01/18/2016,
Nadal R.,5,5230,2016,3,01/19/2016,
Djokovic N.,1,16790,2016,4,01/26/2016,
Federer R.,3,8165,2016,4,01/26/2016,
Nadal R.,5,,2016,4,,
Djokovic N.,1,,2016,5,,
Federer R.,3,,2016,5,,
Nadal R.,5,,2016,5,,
Djokovic N.,1,,2016,6,,
Federer R.,3,,2016,6,,
Nadal R.,5,4880,2016,6,02/12/2016,
Djokovic N.,1,,2016,7,,
Federer R.,3,,2016,7,,
Nadal R.,5,4880,2016,7,02/16/2016,
Djokovic N.,1,16790,2016,8,02/22/2016,
Federer R.,3,,2016,8,,
Nadal R.,5,,2016,8,,
Djokovic N.,1,,2016,9,,
Federer R.,3,,2016,9,,
Nadal R.,5,,2016,9,,
Djokovic N.,1,,2016,10,,
Federer R.,3,,2016,10,,
Nadal R.,5,,2016,10,,
Djokovic N.,1,16540,2016,11,03/14/2016,
Federer R.,3,,2016,11,,
Nadal R.,5,4810,2016,11,03/14/2016,
Djokovic N.,1,16540,2016,12,03/26/2016,
Federer R.,3,,2016,12,,
Nadal R.,5,4990,2016,12,03/26/2016,
Djokovic N.,1,16540,2016,13,03/29/2016,
Federer R.,3,,2016,13,,
Nadal R.,5,,2016,13,,
Djokovic N.,1,,2016,14,,
Federer R.,3,,2016,14,,
Nadal R.,5,,2016,14,,
Djokovic N.,1,16540,2016,15,04/13/2016,
Federer R.,3,7695,2016,15,04/12/2016,
Nadal R.,5,4955,2016,15,04/13/2016,
Djokovic N.,1,,2016,16,,
Federer R.,3,,2016,16,,
Nadal R.,5,5595,2016,16,04/20/2016,
Djokovic N.,1,,2016,17,,
Federer R.,3,,2016,17,,
Nadal R.,5,,2016,17,,
Djokovic N.,1,15550,2016,18,05/04/2016,
Federer R.,3,,2016,18,,
Nadal R.,5,5915,2016,18,05/03/2016,
Djokovic N.,1,16550,2016,19,05/11/2016,
Federer R.,2,7525,2016,19,05/11/2016,
Nadal R.,5,5675,2016,19,05/11/2016,
Djokovic N.,1,,2016,20,,
Federer R.,2,,2016,20,,
Nadal R.,5,,2016,20,,
Djokovic N.,1,16150,2016,21,05/24/2016,
Federer R.,2,,2016,21,,
Nadal R.,5,5675,2016,21,05/24/2016,
Djokovic N.,1,16150,2016,22,06/01/2016,
Federer R.,2,,2016,22,,
Nadal R.,5,,2016,22,,
Djokovic N.,1,,2016,23,,
Federer R.,3,6655,2016,23,06/09/2016,
Nadal R.,5,,2016,23,,
Djokovic N.,1,,2016,24,,
Federer R.,3,6745,2016,24,06/15/2016,
Nadal R.,5,,2016,24,,
Djokovic N.,1,,2016,25,,
Federer R.,3,,2016,25,,
Nadal R.,5,,2016,25,,
Djokovic N.,1,16950,2016,26,06/27/2016,
Federer R.,3,6425,2016,26,06/27/2016,
Nadal R.,5,,2016,26,,
Djokovic N.,1,,2016,27,,
Federer R.,3,6425,2016,27,07/04/2016,Y
Nadal R.,5,,2016,27,,
Djokovic N.,1,,2016,28,,
Federer R.,3,,2016,28,,
Nadal R.,5,,2016,28,,
Djokovic N.,1,,2016,29,,
Federer R.,3,,2016,29,,
Nadal R.,5,,2016,29,,
Djokovic N.,1,15040,2016,30,07/27/2016,
Federer R.,3,,2016,30,,
Nadal R.,5,,2016,30,,
Djokovic N.,1,,2016,31,,
Federer R.,3,,2016,31,,
Nadal R.,5,,2016,31,,
Djokovic N.,1,,2016,32,,
Federer R.,3,,2016,32,,
Nadal R.,5,,2016,32,,
Djokovic N.,1,,2016,33,,
Federer R.,3,,2016,33,,
Nadal R.,5,4850,2016,33,08/17/2016,
Djokovic N.,1,,2016,34,,
Federer R.,3,,2016,34,,
Nadal R.,5,,2016,34,,
Djokovic N.,1,14840,2016,35,08/30/2016,
Federer R.,3,,2016,35,,
Nadal R.,5,4850,2016,35,08/29/2016,
Djokovic N.,1,14840,2016,36,09/05/2016,
Federer R.,3,,2016,36,,
Nadal R.,5,,2016,36,,
Djokovic N.,1,,2016,37,,
Federer R.,3,,2016,37,,
Nadal R.,5,,2016,37,,
Djokovic N.,1,,2016,38,,
Federer R.,3,,2016,38,,
Nadal R.,5,,2016,38,,
Djokovic N.,1,,2016,39,,
Federer R.,3,,2016,39,,
Nadal R.,5,,2016,39,,
Djokovic N.,1,,2016,40,,
Federer R.,3,,2016,40,,
Nadal R.,4,4940,2016,40,10/04/2016,
Djokovic N.,1,13540,2016,41,10/11/2016,
Federer R.,3,,2016,41,,
Nadal R.,5,4730,2016,41,10/12/2016,
Djokovic N.,1,,2016,42,,
Federer R.,3,,2016,42,,
Nadal R.,5,,2016,42,,
Djokovic N.,1,,2016,43,,
Federer R.,3,,2016,43,,
Nadal R.,5,,2016,43,,
Djokovic N.,1,12900,2016,44,11/02/2016,
Federer R.,3,,2016,44,,
Nadal R.,5,,2016,44,,
Djokovic N.,2,10780,2016,45,11/13/2016,
Federer R.,3,,2016,45,,
Nadal R.,5,,2016,45,,
Djokovic N.,2,10780,2016,46,11/15/2016,
Federer R.,3,,2016,46,,
Nadal R.,5,,2016,46,,
Djokovic N.,2,,2016,47,,
Federer R.,3,,2016,47,,
Nadal R.,5,,2016,47,,
Djokovic N.,2,,2016,48,,
Federer R.,3,,2016,48,,
Nadal R.,5,,2016,48,,
Djokovic N.,2,,2016,49,,
Federer R.,3,,2016,49,,
Nadal R.,5,,2016,49,,
Djokovic N.,2,,2016,50,,
Federer R.,3,,2016,50,,
Nadal R.,5,,2016,50,,
Djokovic N.,2,,2016,51,,
Federer R.,3,,2016,51,,
Nadal R.,5,,2016,51,,
Djokovic N.,2,,2016,52,,
Federer R.,3,,2016,52,,
Nadal R.,5,,2016,52,,
Djokovic N.,2,11780,2017,1,01/02/2017,
Federer R.,3,,2017,1,,
Nadal R.,9,3300,2017,1,01/03/2017,
Djokovic N.,2,,2017,2,,
Federer R.,3,,2017,2,,
Nadal R.,9,,2017,2,,
Djokovic N.,2,11780,2017,3,01/17/2017,
Federer R.,17,1980,2017,3,01/16/2017,Y
Nadal R.,9,3195,2017,3,01/17/2017,
Djokovic N.,2,,2017,4,,
Federer R.,17,1980,2017,4,01/24/2017,
Nadal R.,9,3195,2017,4,01/23/2017,
Djokovic N.,2,,2017,5,,
Federer R.,17,,2017,5,,
Nadal R.,9,,2017,5,,
Djokovic N.,2,,2017,6,,
Federer R.,17,,2017,6,,
Nadal R.,9,,2017,6,,
Djokovic N.,2,,2017,7,,
Federer R.,17,,2017,7,,
Nadal R.,9,,2017,7,,
Djokovic N.,2,,2017,8,,
Federer R.,17,,2017,8,,
Nadal R.,9,,2017,8,,
Djokovic N.,2,9735,2017,9,03/01/2017,
Federer R.,10,3260,2017,9,02/27/2017,
Nadal R.,6,4115,2017,9,03/01/2017,
Djokovic N.,2,,2017,10,,
Federer R.,10,,2017,10,,
Nadal R.,6,4415,2017,10,03/12/2017,
Djokovic N.,2,9825,2017,11,03/13/2017,
Federer R.,10,3305,2017,11,03/13/2017,
Nadal R.,6,4415,2017,11,03/14/2017,
Djokovic N.,2,,2017,12,,
Federer R.,6,4305,2017,12,03/25/2017,
Nadal R.,7,4145,2017,12,03/24/2017,
Djokovic N.,2,,2017,13,,
Federer R.,6,4305,2017,13,03/27/2017,
Nadal R.,7,4145,2017,13,03/28/2017,
Djokovic N.,2,,2017,14,,
Federer R.,6,,2017,14,,
Nadal R.,7,,2017,14,,
Djokovic N.,2,,2017,15,,
Federer R.,6,,2017,15,,
Nadal R.,7,,2017,15,,
Djokovic N.,2,7905,2017,16,04/18/2017,
Federer R.,6,,2017,16,,
Nadal R.,7,3735,2017,16,04/19/2017,
Djokovic N.,2,,2017,17,,
Federer R.,6,,2017,17,,
Nadal R.,5,4235,2017,17,04/26/2017,
Djokovic N.,2,,2017,18,,
Federer R.,6,,2017,18,,
Nadal R.,5,,2017,18,,
Djokovic N.,2,7085,2017,19,05/10/2017,
Federer R.,6,,2017,19,,
Nadal R.,5,4375,2017,19,05/10/2017,
Djokovic N.,2,6845,2017,20,05/16/2017,
Federer R.,6,,2017,20,,
Nadal R.,4,5195,2017,20,05/18/2017,
Djokovic N.,2,,2017,21,,
Federer R.,6,,2017,21,,
Nadal R.,4,,2017,21,,
Djokovic N.,2,7445,2017,22,05/29/2017,
Federer R.,6,,2017,22,,
Nadal R.,4,5375,2017,22,05/29/2017,
Djokovic N.,2,7445,2017,23,06/07/2017,
Federer R.,6,,2017,23,,
Nadal R.,4,5375,2017,23,06/07/2017,
Djokovic N.,2,,2017,24,,
Federer R.,5,4945,2017,24,06/14/2017,
Nadal R.,4,,2017,24,,
Djokovic N.,2,,2017,25,,
Federer R.,5,4765,2017,25,06/20/2017,
Nadal R.,4,,2017,25,,
Djokovic N.,4,5805,2017,26,06/28/2017,
Federer R.,5,,2017,26,,
Nadal R.,4,,2017,26,,
Djokovic N.,4,6055,2017,27,07/04/2017,
Federer R.,5,5265,2017,27,07/04/2017,
Nadal R.,2,7285,2017,27,07/03/2017,
Djokovic N.,4,6055,2017,28,07/11/2017,Y
Federer R.,5,5265,2017,28,07/10/2017,
Nadal R.,2,7285,2017,28,07/10/2017,
Djokovic N.,4,,2017,29,,
Federer R.,5,,2017,29,,
Nadal R.,2,,2017,29,,
Djokovic N.,4,,2017,30,,
Federer R.,5,,2017,30,,
Nadal R.,2,,2017,30,,
Djokovic N.,4,,2017,31,,
Federer R.,5,,2017,31,,
Nadal R.,2,,2017,31,,
Djokovic N.,4,,2017,32,,
Federer R.,3,6545,2017,32,08/09/2017,
Nadal R.,2,7465,2017,32,08/09/2017,
Djokovic N.,4,,2017,33,,
Federer R.,3,,2017,33,,
Nadal R.,2,7555,2017,33,08/17/2017,
Djokovic N.,4,,2017,34,,
Federer R.,3,,2017,34,,
Nadal R.,2,,2017,34,,
Djokovic N.,4,,2017,35,,
Federer R.,3,7145,2017,35,08/30/2017,
Nadal R.,1,7645,2017,35,08/29/2017,
Djokovic N.,4,,2017,36,,
Federer R.,3,7145,2017,36,09/05/2017,
Nadal R.,1,7645,2017,36,09/04/2017,
Djokovic N.,4,,2017,37,,
Federer R.,3,,2017,37,,
Nadal R.,1,,2017,37,,
Djokovic N.,4,,2017,38,,
Federer R.,3,,2017,38,,
Nadal R.,1,,2017,38,,
Djokovic N.,4,,2017,39,,
Federer R.,3,,2017,39,,
Nadal R.,1,,2017,39,,
Djokovic N.,4,,2017,40,,
Federer R.,3,,2017,40,,
Nadal R.,1,9465,2017,40,10/03/2017,
Djokovic N.,4,,2017,41,,
Federer R.,2,7505,2017,41,10/11/2017,
Nadal R.,1,9875,2017,41,10/11/2017,
Djokovic N.,4,,2017,42,,
Federer R.,2,,2017,42,,
Nadal R.,1,,2017,42,,
Djokovic N.,4,,2017,43,,
Federer R.,2,8505,2017,43,10/24/2017,
Nadal R.,1,,2017,43,,
Djokovic N.,4,,2017,44,,
Federer R.,2,,2017,44,,
Nadal R.,1,10465,2017,44,11/01/2017,
Djokovic N.,4,,2017,45,,
Federer R.,2,9005,2017,45,11/12/2017,
Nadal R.,1,,2017,45,,
Djokovic N.,4,,2017,46,,
Federer R.,2,9005,2017,46,11/14/2017,
Nadal R.,1,10645,2017,46,11/13/2017,
Djokovic N.,4,,2017,47,,
Federer R.,2,,2017,47,,
Nadal R.,1,,2017,47,,
Djokovic N.,4,,2017,48,,
Federer R.,2,,2017,48,,
Nadal R.,1,,2017,48,,
Djokovic N.,4,,2017,49,,
Federer R.,2,,2017,49,,
Nadal R.,1,,2017,49,,
Djokovic N.,4,,2017,50,,
Federer R.,2,,2017,50,,
Nadal R.,1,,2017,50,,
Djokovic N.,4,,2017,51,,
Federer R.,2,,2017,51,,
Nadal R.,1,,2017,51,,
Djokovic N.,4,,2017,52,,
Federer R.,2,,2017,52,,
Nadal R.,1,,2017,52,,
Djokovic N.,4,,2018,1,,
Federer R.,2,,2018,1,,
Nadal R.,1,,2018,1,,
Djokovic N.,4,,2018,2,,
Federer R.,2,,2018,2,,
Nadal R.,1,,2018,2,,
Djokovic N.,14,2335,2018,3,01/16/2018,Y
Federer R.,2,9605,2018,3,01/16/2018,
Nadal R.,1,10600,2018,3,01/15/2018,
Djokovic N.,14,2335,2018,4,01/22/2018,
Federer R.,2,9605,2018,4,01/22/2018,
Nadal R.,1,10600,2018,4,01/23/2018,
Djokovic N.,14,,2018,5,,
Federer R.,2,,2018,5,,
Nadal R.,1,,2018,5,,
Djokovic N.,14,,2018,6,,
Federer R.,2,,2018,6,,
Nadal R.,1,,2018,6,,
Djokovic N.,14,,2018,7,,
Federer R.,2,9605,2018,7,02/14/2018,
Nadal R.,1,,2018,7,,
Djokovic N.,14,,2018,8,,
Federer R.,2,,2018,8,,
Nadal R.,1,,2018,8,,
Djokovic N.,14,,2018,9,,
Federer R.,2,,2018,9,,
Nadal R.,1,,2018,9,,
Djokovic N.,13,2380,2018,10,03/11/2018,
Federer R.,1,10060,2018,10,03/11/2018,
Nadal R.,,,2018,10,,
Djokovic N.,13,,2018,11,,
Federer R.,1,10060,2018,11,03/12/2018,
Nadal R.,,,2018,11,,
Djokovic N.,12,2300,2018,12,03/23/2018,
Federer R.,1,9660,2018,12,03/24/2018,
Nadal R.,,,2018,12,,
Djokovic N.,12,,2018,13,,
Federer R.,1,,2018,13,,
Nadal R.,,,2018,13,,
Djokovic N.,12,,2018,14,,
Federer R.,1,,2018,14,,
Nadal R.,,,2018,14,,
Djokovic N.,12,,2018,15,,
Federer R.,1,,2018,15,,
Nadal R.,,,2018,15,,
Djokovic N.,13,2310,2018,16,04/16/2018,
Federer R.,,,2018,16,,
Nadal R.,1,8770,2018,16,04/18/2018,
Djokovic N.,12,2220,2018,17,04/25/2018,
Federer R.,,,2018,17,,
Nadal R.,1,8770,2018,17,04/25/2018,
Djokovic N.,12,,2018,18,,
Federer R.,,,2018,18,,
Nadal R.,1,,2018,18,,
Djokovic N.,12,2220,2018,19,05/07/2018,
Federer R.,,,2018,19,,
Nadal R.,1,8770,2018,19,05/09/2018,
Djokovic N.,18,1905,2018,20,05/14/2018,
Federer R.,,,2018,20,,
Nadal R.,2,7950,2018,20,05/16/2018,
Djokovic N.,18,,2018,21,,
Federer R.,,,2018,21,,
Nadal R.,2,,2018,21,,
Djokovic N.,22,1665,2018,22,05/28/2018,
Federer R.,,,2018,22,,
Nadal R.,1,8770,2018,22,05/29/2018,
Djokovic N.,22,1665,2018,23,06/05/2018,
Federer R.,,,2018,23,,
Nadal R.,1,8770,2018,23,06/04/2018,
Djokovic N.,22,,2018,24,,
Federer R.,2,8670,2018,24,06/13/2018,
Nadal R.,1,,2018,24,,
Djokovic N.,22,1665,2018,25,06/19/2018,
Federer R.,1,8920,2018,25,06/19/2018,
Nadal R.,,,2018,25,,
Djokovic N.,22,,2018,26,,
Federer R.,1,,2018,26,,
Nadal R.,,,2018,26,,
Djokovic N.,21,1715,2018,27,07/03/2018,
Federer R.,2,8720,2018,27,07/02/2018,
Nadal R.,1,8770,2018,27,07/03/2018,
Djokovic N.,21,1715,2018,28,07/09/2018,
Federer R.,2,8720,2018,28,07/09/2018,
Nadal R.,1,8770,2018,28,07/09/2018,
Djokovic N.,21,,2018,29,,
Federer R.,2,,2018,29,,
Nadal R.,1,,2018,29,,
Djokovic N.,21,,2018,30,,
Federer R.,2,,2018,30,,
Nadal R.,1,,2018,30,,
Djokovic N.,21,,2018,31,,
Federer R.,2,,2018,31,,
Nadal R.,1,,2018,31,,
Djokovic N.,10,3355,2018,32,08/07/2018,
Federer R.,2,,2018,32,,
Nadal R.,1,9310,2018,32,08/09/2018,
Djokovic N.,10,3445,2018,33,08/14/2018,
Federer R.,2,6480,2018,33,08/15/2018,
Nadal R.,1,,2018,33,,
Djokovic N.,10,,2018,34,,
Federer R.,2,,2018,34,,
Nadal R.,1,,2018,34,,
Djokovic N.,6,4445,2018,35,08/28/2018,
Federer R.,2,7080,2018,35,08/29/2018,
Nadal R.,1,10040,2018,35,08/28/2018,
Djokovic N.,6,4445,2018,36,09/03/2018,
Federer R.,2,7080,2018,36,09/04/2018,
Nadal R.,1,10040,2018,36,09/05/2018,Y
Djokovic N.,6,,2018,37,,
Federer R.,2,,2018,37,,
Nadal R.,1,,2018,37,,
Djokovic N.,6,,2018,38,,
Federer R.,2,,2018,38,,
Nadal R.,1,,2018,38,,
Djokovic N.,6,,2018,39,,
Federer R.,2,,2018,39,,
Nadal R.,1,,2018,39,,
Djokovic N.,6,,2018,40,,
Federer R.,2,,2018,40,,
Nadal R.,1,,2018,40,,
Djokovic N.,3,6445,2018,41,10/09/2018,
Federer R.,2,6900,2018,41,10/10/2018,
Nadal R.,1,,2018,41,,
Djokovic N.,3,,2018,42,,
Federer R.,2,,2018,42,,
Nadal R.,1,,2018,42,,
Djokovic N.,3,,2018,43,,
Federer R.,3,6260,2018,43,10/23/2018,
Nadal R.,1,,2018,43,,
Djokovic N.,2,7445,2018,44,10/30/2018,
Federer R.,3,6260,2018,44,11/01/2018,
Nadal R.,1,,2018,44,,
Djokovic N.,2,,2018,45,,
Federer R.,3,6020,2018,45,11/11/2018,
Nadal R.,1,,2018,45,,
Djokovic N.,1,8045,2018,46,11/12/2018,
Federer R.,3,6020,2018,46,11/13/2018,
Nadal R.,,,2018,46,,
Djokovic N.,1,,2018,47,,
Federer R.,3,,2018,47,,
Nadal R.,,,2018,47,,
Djokovic N.,1,,2018,48,,
Federer R.,3,,2018,48,,
Nadal R.,,,2018,48,,
Djokovic N.,1,,2018,49,,
Federer R.,3,,2018,49,,
Nadal R.,,,2018,49,,
Djokovic N.,1,,2018,50,,
Federer R.,3,,2018,50,,
Nadal R.,,,2018,50,,
Djokovic N.,1,,2018,51,,
Federer R.,3,,2018,51,,
Nadal R.,,,2018,51,,
Djokovic N.,1,,2018,52,,
Federer R.,3,,2018,52,,
Nadal R.,,,2018,52,,
Djokovic N.,1,9045,2019,1,01/01/2019,
Federer R.,3,,2019,1,,
Nadal R.,,,2019,1,,
Djokovic N.,1,,2019,2,,
Federer R.,3,,2019,2,,
Nadal R.,,,2019,2,,
Djokovic N.,1,9135,2019,3,01/15/2019,
Federer R.,3,6420,2019,3,01/14/2019,
Nadal R.,2,7480,2019,3,01/14/2019,Y
Djokovic N.,1,9135,2019,4,01/21/2019,
Federer R.,3,,2019,4,,
Nadal R.,2,7480,2019,4,01/22/2019,
Djokovic N.,1,,2019,5,,
Federer R.,3,,2019,5,,
Nadal R.,2,,2019,5,,
Djokovic N.,1,,2019,6,,
Federer R.,3,,2019,6,,
Nadal R.,2,,2019,6,,
Djokovic N.,1,,2019,7,,
Federer R.,3,,2019,7,,
Nadal R.,2,,2019,7,,
Djokovic N.,1,,2019,8,,
Federer R.,3,,2019,8,,
Nadal R.,2,,2019,8,,
Djokovic N.,1,,2019,9,,
Federer R.,7,4100,2019,9,02/25/2019,
Nadal R.,2,8320,2019,9,02/27/2019,
Djokovic N.,1,10955,2019,10,03/10/2019,
Federer R.,4,4600,2019,10,03/10/2019,
Nadal R.,2,,2019,10,,
Djokovic N.,1,10955,2019,11,03/12/2019,
Federer R.,4,4600,2019,11,03/13/2019,
Nadal R.,2,8365,2019,11,03/11/2019,
Djokovic N.,1,10990,2019,12,03/23/2019,
Federer R.,5,4600,2019,12,03/23/2019,
Nadal R.,2,,2019,12,,
Djokovic N.,1,10990,2019,13,03/26/2019,
Federer R.,5,4600,2019,13,03/25/2019,
Nadal R.,2,,2019,13,,
Djokovic N.,1,,2019,14,,
Federer R.,5,,2019,14,,
Nadal R.,2,,2019,14,,
Djokovic N.,1,,2019,15,,
Federer R.,5,,2019,15,,
Nadal R.,2,,2019,15,,
Djokovic N.,1,11070,2019,16,04/16/2019,
Federer R.,5,,2019,16,,
Nadal R.,2,8725,2019,16,04/17/2019,
Djokovic N.,1,,2019,17,,
Federer R.,5,,2019,17,,
Nadal R.,2,8085,2019,17,04/24/2019,
Djokovic N.,1,,2019,18,,
Federer R.,5,,2019,18,,
Nadal R.,2,,2019,18,,
Djokovic N.,1,11160,2019,19,05/07/2019,
Federer R.,3,5590,2019,19,05/07/2019,
Nadal R.,2,7765,2019,19,05/08/2019,
Djokovic N.,1,12115,2019,20,05/16/2019,
Federer R.,3,5770,2019,20,05/16/2019,
Nadal R.,2,7945,2019,20,05/16/2019,
Djokovic N.,1,,2019,21,,
Federer R.,3,5950,2019,21,05/26/2019,
Nadal R.,2,,2019,21,,
Djokovic N.,1,12355,2019,22,05/27/2019,
Federer R.,3,5950,2019,22,05/29/2019,
Nadal R.,2,7945,2019,22,05/27/2019,
Djokovic N.,1,12355,2019,23,06/03/2019,
Federer R.,3,5950,2019,23,06/04/2019,
Nadal R.,2,7945,2019,23,06/04/2019,
Djokovic N.,1,,2019,24,,
Federer R.,3,,2019,24,,
Nadal R.,2,,2019,24,,
Djokovic N.,1,,2019,25,,
Federer R.,3,6420,2019,25,06/18/2019,
Nadal R.,2,,2019,25,,
Djokovic N.,1,,2019,26,,
Federer R.,3,,2019,26,,
Nadal R.,2,,2019,26,,
Djokovic N.,1,12415,2019,27,07/01/2019,
Federer R.,3,6620,2019,27,07/02/2019,
Nadal R.,2,7945,2019,27,07/02/2019,
Djokovic N.,1,12415,2019,28,07/08/2019,
Federer R.,3,6620,2019,28,07/08/2019,
Nadal R.,2,7945,2019,28,07/08/2019,
Djokovic N.,1,,2019,29,,
Federer R.,3,,2019,29,,
Nadal R.,2,,2019,29,,
Djokovic N.,1,,2019,30,,
Federer R.,3,,2019,30,,
Nadal R.,2,,2019,30,,
Djokovic N.,1,,2019,31,,
Federer R.,3,,2019,31,,
Nadal R.,2,,2019,31,,
Djokovic N.,1,,2019,32,,
Federer R.,3,,2019,32,,
Nadal R.,2,7945,2019,32,08/07/2019,
Djokovic N.,1,12325,2019,33,08/13/2019,
Federer R.,3,7460,2019,33,08/14/2019,
Nadal R.,2,,2019,33,,
Djokovic N.,1,,2019,34,,
Federer R.,3,,2019,34,,
Nadal R.,2,,2019,34,,
Djokovic N.,1,11685,2019,35,08/26/2019,
Federer R.,3,6950,2019,35,08/27/2019,
Nadal R.,2,7945,2019,35,08/28/2019,
Djokovic N.,1,11685,2019,36,09/02/2019,
Federer R.,3,6950,2019,36,09/04/2019,
Nadal R.,2,7945,2019,36,09/03/2019,
Djokovic N.,1,,2019,37,,
Federer R.,3,,2019,37,,
Nadal R.,2,,2019,37,,
Djokovic N.,1,,2019,38,,
Federer R.,3,,2019,38,,
Nadal R.,2,,2019,38,,
Djokovic N.,1,,2019,39,,
Federer R.,3,,2019,39,,
Nadal R.,2,,2019,39,,
Djokovic N.,1,9865,2019,40,10/01/2019,
Federer R.,3,,2019,40,,
Nadal R.,2,,2019,40,,
Djokovic N.,1,10365,2019,41,10/09/2019,
Federer R.,3,7130,2019,41,10/08/2019,
Nadal R.,2,,2019,41,,
Djokovic N.,1,,2019,42,,
Federer R.,3,,2019,42,,
Nadal R.,2,,2019,42,,
Djokovic N.,1,,2019,43,,
Federer R.,3,6950,2019,43,10/21/2019,
Nadal R.,2,,2019,43,,
Djokovic N.,1,9545,2019,44,10/30/2019,
Federer R.,3,,2019,44,,
Nadal R.,2,9225,2019,44,10/30/2019,
Djokovic N.,1,,2019,45,,
Federer R.,3,,2019,45,,
Nadal R.,2,,2019,45,,
Djokovic N.,,,2019,46,,
Federer R.,3,,2019,46,,
Nadal R.,2,,2019,46,,
Djokovic N.,,,2019,47,,
Federer R.,3,,2019,47,,
Nadal R.,2,,2019,47,,
Djokovic N.,,,2019,48,,
Federer R.,3,,2019,48,,
Nadal R.,2,,2019,48,,
Djokovic N.,,,2019,49,,
Federer R.,3,,2019,49,,
Nadal R.,2,,2019,49,,
Djokovic N.,,,2019,50,,
Federer R.,3,,2019,50,,
Nadal R.,2,,2019,50,,
Djokovic N.,,,2019,51,,
Federer R.,3,,2019,51,,
Nadal R.,2,,2019,51,,
Djokovic N.,,,2019,52,,
Federer R.,3,,2019,52,,
Nadal R.,2,,2019,52,,
Djokovic N.,,,2020,1,,
Federer R.,3,,2020,1,,
Nadal R.,2,,2020,1,,
Djokovic N.,,,2020,2,,
Federer R.,3,,2020,2,,
Nadal R.,2,,2020,2,,
Djokovic N.,,,2020,3,,
Federer R.,3,,2020,3,,
Nadal R.,2,,2020,3,,
Djokovic N.,2,9720,2020,4,01/20/2020,
Federer R.,3,6590,2020,4,01/20/2020,
Nadal R.,1,10235,2020,4,01/21/2020,
Djokovic N.,2,9720,2020,5,01/28/2020,
Federer R.,3,6590,2020,5,01/28/2020,Y
Nadal R.,1,10235,2020,5,01/27/2020,
Djokovic N.,2,,2020,6,,
Federer R.,3,,2020,6,,
Nadal R.,1,,2020,6,,
Djokovic N.,2,,2020,7,,
Federer R.,3,,2020,7,,
Nadal R.,1,,2020,7,,
Djokovic N.,2,,2020,8,,
Federer R.,3,,2020,8,,
Nadal R.,1,,2020,8,,
Djokovic N.,1,9720,2020,9,02/24/2020,Y
Federer R.,3,,2020,9,,
Nadal R.,2,9395,2020,9,02/26/2020,Y
Djokovic N.,1,,2020,10,,
Federer R.,3,,2020,10,,
Nadal R.,2,,2020,10,,
Djokovic N.,1,,2020,11,,
Federer R.,3,,2020,11,,
Nadal R.,2,,2020,11,,
Djokovic N.,1,,2020,12,,
Federer R.,3,,2020,12,,
Nadal R.,2,,2020,12,,
Djokovic N.,1,,2020,13,,
Federer R.,3,,2020,13,,
Nadal R.,2,,2020,13,,
Djokovic N.,1,,2020,14,,
Federer R.,3,,2020,14,,
Nadal R.,2,,2020,14,,
Djokovic N.,1,,2020,15,,
Federer R.,3,,2020,15,,
Nadal R.,2,,2020,15,,
Djokovic N.,1,,2020,16,,
Federer R.,3,,2020,16,,
Nadal R.,2,,2020,16,,
Djokovic N.,1,,2020,17,,
Federer R.,3,,2020,17,,
Nadal R.,2,,2020,17,,
Djokovic N.,1,,2020,18,,
Federer R.,3,,2020,18,,
Nadal R.,2,,2020,18,,
Djokovic N.,1,,2020,19,,
Federer R.,3,,2020,19,,
Nadal R.,2,,2020,19,,
Djokovic N.,1,,2020,20,,
Federer R.,3,,2020,20,,
Nadal R.,2,,2020,20,,
Djokovic N.,1,,2020,21,,
Federer R.,3,,2020,21,,
Nadal R.,2,,2020,21,,
Djokovic N.,1,,2020,22,,
Federer R.,3,,2020,22,,
Nadal R.,2,,2020,22,,
Djokovic N.,1,,2020,23,,
Federer R.,3,,2020,23,,
Nadal R.,2,,2020,23,,
Djokovic N.,1,,2020,24,,
Federer R.,3,,2020,24,,
Nadal R.,2,,2020,24,,
Djokovic N.,1,,2020,25,,
Federer R.,3,,2020,25,,
Nadal R.,2,,2020,25,,
Djokovic N.,1,,2020,26,,
Federer R.,3,,2020,26,,
Nadal R.,2,,2020,26,,
Djokovic N.,1,,2020,27,,
Federer R.,3,,2020,27,,
Nadal R.,2,,2020,27,,
Djokovic N.,1,,2020,28,,
Federer R.,3,,2020,28,,
Nadal R.,2,,2020,28,,
Djokovic N.,1,,2020,29,,
Federer R.,3,,2020,29,,
Nadal R.,2,,2020,29,,
Djokovic N.,1,,2020,30,,
Federer R.,3,,2020,30,,
Nadal R.,2,,2020,30,,
Djokovic N.,1,,2020,31,,
Federer R.,3,,2020,31,,
Nadal R.,2,,2020,31,,
Djokovic N.,1,,2020,32,,
Federer R.,3,,2020,32,,
Nadal R.,2,,2020,32,,
Djokovic N.,1,,2020,33,,
Federer R.,3,,2020,33,,
Nadal R.,2,,2020,33,,
Djokovic N.,1,,2020,34,,
Federer R.,3,,2020,34,,
Nadal R.,2,,2020,34,,
Djokovic N.,1,10220,2020,35,08/25/2020,Y
Federer R.,3,,2020,35,,
Nadal R.,2,,2020,35,,
Djokovic N.,1,10860,2020,36,09/01/2020,
Federer R.,3,,2020,36,,
Nadal R.,2,,2020,36,,
Djokovic N.,1,,2020,37,,
Federer R.,3,,2020,37,,
Nadal R.,2,,2020,37,,
Djokovic N.,1,10860,2020,38,09/16/2020,
Federer R.,3,,2020,38,,
Nadal R.,2,9850,2020,38,09/16/2020,Y
Djokovic N.,1,10860,2020,39,09/21/2020,
Federer R.,3,,2020,39,,
Nadal R.,2,,2020,39,,
Djokovic N.,1,11260,2020,40,09/29/2020,
Federer R.,3,,2020,40,,
Nadal R.,2,9850,2020,40,09/28/2020,
Djokovic N.,1,11260,2020,41,10/05/2020,
Federer R.,,,2020,41,,
Nadal R.,2,9850,2020,41,10/06/2020,
Djokovic N.,1,,2020,42,,
Federer R.,,,2020,42,,
Nadal R.,2,,2020,42,,
Djokovic N.,1,,2020,43,,
Federer R.,,,2020,43,,
Nadal R.,2,,2020,43,,
Djokovic N.,1,11740,2020,44,10/27/2020,
Federer R.,,,2020,44,,
Nadal R.,2,,2020,44,,
Djokovic N.,1,,2020,45,,
Federer R.,,,2020,45,,
Nadal R.,2,9850,2020,45,11/04/2020,
Djokovic N.,1,,2020,46,,
Federer R.,,,2020,46,,
Nadal R.,2,9850,2020,46,11/15/2020,
Djokovic N.,1,11830,2020,47,11/16/2020,
Federer R.,,,2020,47,,
Nadal R.,2,9850,2020,47,11/17/2020,
Djokovic N.,1,,2020,48,,
Federer R.,,,2020,48,,
Nadal R.,2,,2020,48,,
Djokovic N.,1,,2020,49,,
Federer R.,,,2020,49,,
Nadal R.,2,,2020,49,,
Djokovic N.,1,,2020,50,,
Federer R.,,,2020,50,,
Nadal R.,2,,2020,50,,
Djokovic N.,1,,2020,51,,
Federer R.,,,2020,51,,
Nadal R.,2,,2020,51,,
Djokovic N.,1,,2020,52,,
Federer R.,,,2020,52,,
Nadal R.,2,,2020,52,,
Djokovic N.,1,,2021,1,,
Federer R.,,,2021,1,,
Nadal R.,2,,2021,1,,
Djokovic N.,1,,2021,2,,
Federer R.,,,2021,2,,
Nadal R.,2,,2021,2,,
Djokovic N.,1,,2021,3,,
Federer R.,,,2021,3,,
Nadal R.,2,,2021,3,,
Djokovic N.,1,,2021,4,,
Federer R.,,,2021,4,,
Nadal R.,2,,2021,4,,
Djokovic N.,1,,2021,5,,
Federer R.,,,2021,5,,
Nadal R.,2,,2021,5,,
Djokovic N.,1,12030,2021,6,02/08/2021,
Federer R.,,,2021,6,,
Nadal R.,2,9850,2021,6,02/09/2021,
Djokovic N.,1,12030,2021,7,02/16/2021,
Federer R.,,,2021,7,,
Nadal R.,2,9850,2021,7,02/15/2021,
Djokovic N.,1,,2021,8,,
Federer R.,,,2021,8,,
Nadal R.,2,,2021,8,,
Djokovic N.,1,,2021,9,,
Federer R.,,,2021,9,,
Nadal R.,2,,2021,9,,
Djokovic N.,1,,2021,10,,
Federer R.,6,6630,2021,10,03/10/2021,Y
Nadal R.,2,,2021,10,,
Djokovic N.,1,,2021,11,,
Federer R.,6,,2021,11,,
Nadal R.,2,,2021,11,,
Djokovic N.,1,,2021,12,,
Federer R.,6,,2021,12,,
Nadal R.,2,,2021,12,,
Djokovic N.,1,,2021,13,,
Federer R.,6,,2021,13,,
Nadal R.,2,,2021,13,,
Djokovic N.,1,,2021,14,,
Federer R.,6,,2021,14,,
Nadal R.,2,,2021,14,,
Djokovic N.,1,11963,2021,15,04/14/2021,
Federer R.,6,,2021,15,,
Nadal R.,3,9670,2021,15,04/14/2021,
Djokovic N.,1,11873,2021,16,04/21/2021,
Federer R.,6,,2021,16,,
Nadal R.,3,9490,2021,16,04/21/2021,
Djokovic N.,1,,2021,17,,
Federer R.,6,,2021,17,,
Nadal R.,3,,2021,17,,
Djokovic N.,1,,2021,18,,
Federer R.,6,,2021,18,,
Nadal R.,2,9810,2021,18,05/05/2021,
Djokovic N.,1,11463,2021,19,05/11/2021,
Federer R.,6,,2021,19,,
Nadal R.,3,9630,2021,19,05/12/2021,
Djokovic N.,1,,2021,20,,
Federer R.,8,5605,2021,20,05/18/2021,
Nadal R.,3,,2021,20,,
Djokovic N.,1,11063,2021,21,05/25/2021,
Federer R.,8,,2021,21,,
Nadal R.,3,,2021,21,,
Djokovic N.,1,11313,2021,22,06/01/2021,
Federer R.,8,5605,2021,22,05/31/2021,
Nadal R.,3,9630,2021,22,06/01/2021,
Djokovic N.,1,11313,2021,23,06/07/2021,
Federer R.,8,,2021,23,,
Nadal R.,3,9630,2021,23,06/07/2021,
Djokovic N.,1,,2021,24,,
Federer R.,8,5065,2021,24,06/14/2021,
Nadal R.,3,,2021,24,,
Djokovic N.,1,,2021,25,,
Federer R.,8,,2021,25,,
Nadal R.,3,,2021,25,,
Djokovic N.,1,12113,2021,26,06/28/2021,
Federer R.,8,4815,2021,26,06/29/2021,
Nadal R.,3,,2021,26,,
Djokovic N.,1,12113,2021,27,07/05/2021,
Federer R.,8,4815,2021,27,07/05/2021,
Nadal R.,3,,2021,27,,
Djokovic N.,1,,2021,28,,
Nadal R.,3,,2021,28,,
Djokovic N.,1,,2021,29,,
Nadal R.,3,,2021,29,,
Djokovic N.,1,,2021,30,,
Nadal R.,3,,2021,30,,
Djokovic N.,1,,2021,31,,
Nadal R.,3,8270,2021,31,08/05/2021,Y
Djokovic N.,1,,2021,32,,
Nadal R.,3,,2021,32,,
Djokovic N.,1,,2021,33,,
Nadal R.,3,,2021,33,,
Djokovic N.,1,,2021,34,,
Nadal R.,3,,2021,34,,
Djokovic N.,1,11113,2021,35,09/01/2021,
Nadal R.,3,,2021,35,,
Djokovic N.,1,11113,2021,36,09/07/2021,
Nadal R.,3,,2021,36,,
Djokovic N.,1,,2021,37,,
Nadal R.,3,,2021,37,,
Djokovic N.,1,,2021,38,,
Nadal R.,3,,2021,38,,
Djokovic N.,1,,2021,39,,
Nadal R.,3,,2021,39,,
Djokovic N.,1,,2021,40,,
Nadal R.,3,,2021,40,,
Djokovic N.,1,,2021,41,,
Nadal R.,3,,2021,41,,
Djokovic N.,1,,2021,42,,
Nadal R.,3,,2021,42,,
Djokovic N.,1,,2021,43,,
Nadal R.,3,,2021,43,,
Djokovic N.,1,10340,2021,44,11/02/2021,
Nadal R.,3,,2021,44,,
Djokovic N.,1,,2021,45,,
Nadal R.,3,,2021,45,,
Djokovic N.,1,10940,2021,46,11/15/2021,
Nadal R.,3,,2021,46,,
Djokovic N.,1,,2021,47,,
Nadal R.,3,,2021,47,,
Djokovic N.,1,,2021,48,,
Nadal R.,3,,2021,48,,
Djokovic N.,1,,2021,49,,
Nadal R.,3,,2021,49,,
Djokovic N.,1,,2021,50,,
Nadal R.,3,,2021,50,,
Djokovic N.,1,,2021,51,,
Nadal R.,3,,2021,51,,
Djokovic N.,1,,2021,52,,
Nadal R.,3,,2021,52,,
Djokovic N.,1,,2022,1,,
Nadal R.,6,4875,2022,1,01/06/2022,Y
Djokovic N.,1,,2022,2,,
Nadal R.,6,,2022,2,,
Djokovic N.,1,,2022,3,,
Nadal R.,5,4875,2022,3,01/17/2022,
Djokovic N.,1,,2022,4,,
Nadal R.,5,4875,2022,4,01/25/2022,
Djokovic N.,1,,2022,5,,
Nadal R.,5,,2022,5,,
Djokovic N.,1,,2022,6,,
Nadal R.,5,,2022,6,,
Djokovic N.,1,,2022,7,,
Nadal R.,5,,2022,7,,
Djokovic N.,1,8875,2022,8,02/21/2022,
Nadal R.,5,6515,2022,8,02/23/2022,
Djokovic N.,1,,2022,9,,
Nadal R.,5,,2022,9,,
Djokovic N.,,,2022,10,,
Nadal R.,4,6515,2022,10,03/12/2022,
Djokovic N.,,,2022,11,,
Nadal R.,4,6515,2022,11,03/14/2022,
Djokovic N.,,,2022,12,,
Nadal R.,4,,2022,12,,
Djokovic N.,,,2022,13,,
Nadal R.,4,,2022,13,,
Djokovic N.,,,2022,14,,
Nadal R.,4,,2022,14,,
Djokovic N.,1,8420,2022,15,04/12/2022,
Nadal R.,4,,2022,15,,
Djokovic N.,1,8340,2022,16,04/20/2022,
Nadal R.,4,,2022,16,,
Djokovic N.,1,,2022,17,,
Nadal R.,4,,2022,17,,
Djokovic N.,1,8400,2022,18,05/03/2022,
Nadal R.,4,6435,2022,18,05/04/2022,
Djokovic N.,1,8260,2022,19,05/10/2022,
Nadal R.,4,6435,2022,19,05/11/2022,
Djokovic N.,1,,2022,20,,
Nadal R.,4,,2022,20,,
Djokovic N.,1,8660,2022,21,05/23/2022,
Nadal R.,5,5525,2022,21,05/23/2022,
Djokovic N.,1,8660,2022,22,05/31/2022,
Nadal R.,5,5525,2022,22,05/31/2022,
Djokovic N.,1,,2022,23,,
Nadal R.,5,,2022,23,,
Djokovic N.,,,2022,24,,
Nadal R.,5,,2022,24,,
Djokovic N.,,,2022,25,,
Nadal R.,5,,2022,25,,
Djokovic N.,3,6770,2022,26,06/27/2022,
Nadal R.,4,6525,2022,26,06/28/2022,
Djokovic N.,3,6770,2022,27,07/05/2022,
Nadal R.,4,6525,2022,27,07/04/2022,
Djokovic N.,3,,2022,28,,
Nadal R.,4,,2022,28,,
Djokovic N.,3,,2022,29,,
Nadal R.,4,,2022,29,,
Djokovic N.,3,,2022,30,,
Nadal R.,4,,2022,30,,
Djokovic N.,3,,2022,31,,
Nadal R.,4,,2022,31,,
Djokovic N.,3,,2022,32,,
Nadal R.,4,,2022,32,,
Djokovic N.,3,,2022,33,,
Nadal R.,3,5620,2022,33,08/18/2022,
Djokovic N.,3,,2022,34,,
Nadal R.,3,,2022,34,,
Djokovic N.,3,,2022,35,,
Nadal R.,3,5630,2022,35,08/31/2022,
Djokovic N.,3,,2022,36,,
Nadal R.,3,5630,2022,36,09/05/2022,
Djokovic N.,3,,2022,37,,
Nadal R.,3,,2022,37,,
Djokovic N.,3,,2022,38,,
Nadal R.,3,,2022,38,,
Djokovic N.,7,3570,2022,39,09/29/2022,
Nadal R.,3,,2022,39,,
Djokovic N.,7,3820,2022,40,10/05/2022,
Nadal R.,3,,2022,40,,
Djokovic N.,7,,2022,41,,
Nadal R.,3,,2022,41,,
Djokovic N.,7,,2022,42,,
Nadal R.,3,,2022,42,,
Djokovic N.,7,,2022,43,,
Nadal R.,3,,2022,43,,
Djokovic N.,7,4320,2022,44,11/01/2022,
Nadal R.,2,5810,2022,44,11/02/2022,
Djokovic N.,7,,2022,45,,
Nadal R.,2,5820,2022,45,11/13/2022,
Djokovic N.,8,3320,2022,46,11/14/2022,
Nadal R.,2,5820,2022,46,11/15/2022,
Djokovic N.,8,,2022,47,,
Nadal R.,2,,2022,47,,
Djokovic N.,8,,2022,48,,
Nadal R.,2,,2022,48,,
Djokovic N.,8,,2022,49,,
Nadal R.,2,,2022,49,,
Djokovic N.,8,,2022,50,,
Nadal R.,2,,2022,50,,
Djokovic N.,8,,2022,51,,
Nadal R.,2,,2022,51,,
Djokovic N.,8,,2022,52,,
Nadal R.,2,,2022,52,,
Djokovic N.,5,4820,2023,1,01/03/2023,
Nadal R.,2,,2023,1,,
Djokovic N.,5,,2023,2,,
Nadal R.,2,,2023,2,,
Djokovic N.,5,5070,2023,3,01/17/2023,
Nadal R.,2,5770,2023,3,01/16/2023,
Djokovic N.,5,5070,2023,4,01/23/2023,
Djokovic N.,5,,2023,5,,
Djokovic N.,5,,2023,6,,
Djokovic N.,5,,2023,7,,
Djokovic N.,5,,2023,8,,
Djokovic N.,1,6980,2023,9,02/28/2023,
Djokovic N.,1,,2023,10,,
Djokovic N.,1,,2023,11,,
Djokovic N.,,,2023,12,,
Djokovic N.,,,2023,13,,
Djokovic N.,,,2023,14,,
Djokovic N.,1,7160,2023,15,04/11/2023,
Djokovic N.,1,7240,2023,16,04/19/2023,
Djokovic N.,1,,2023,17,,
Djokovic N.,1,,2023,18,,
Djokovic N.,1,6775,2023,19,05/12/2023,
Djokovic N.,1,6775,2023,20,05/16/2023,
Djokovic N.,1,,2023,21,,
Djokovic N.,3,5955,2023,22,05/29/2023,
Djokovic N.,3,5955,2023,23,06/06/2023,
Djokovic N.,3,,2023,24,,
Djokovic N.,3,,2023,25,,
Djokovic N.,3,,2023,26,,
Djokovic N.,2,7595,2023,27,07/03/2023,
Djokovic N.,2,7595,2023,28,07/10/2023,
Djokovic N.,2,,2023,29,,
Djokovic N.,2,,2023,30,,
Djokovic N.,2,,2023,31,,
Djokovic N.,2,,2023,32,,
Djokovic N.,2,8795,2023,33,08/18/2023,
Djokovic N.,2,,2023,34,,
Djokovic N.,2,9795,2023,35,08/29/2023,
Djokovic N.,2,9795,2023,36,09/04/2023,
